SEQ,pred
T54370,0.0010442048
T47892,0.018138006
T56637,0.02309121
T45487,0.010008831
T41995,0.005543026
T48107,0.008254252
T54827,0.0013503272
T32807,0.08157718
T32840,0.14574261
T45815,0.3736898
T35301,0.0076342146
T46337,0.011131866
T52496,0.0680711
T33019,0.00096816826
T41108,0.030403713
T42462,0.095232755
T53992,0.4715835
T46492,0.019008933
T52395,0.010972258
T38409,0.0010039217
T53718,0.01793405
T34791,0.07401715
T54736,0.00042316288
T48321,0.256623
T38019,0.2918062
T41896,0.002888923
T56513,0.0035370474
T42039,0.002274484
T44768,0.5647875
T54337,0.0028297054
T37354,0.085210964
T36765,0.35177085
T43601,0.0013809274
T58155,0.008803188
T32788,0.00064882415
T39271,0.01486117
T41542,0.0007728044
T50042,0.0034511269
T40012,0.06472531
T37939,0.025240209
T37426,0.20463581
T32631,0.27229148
T44097,0.22735317
T46616,0.3203595
T44872,0.06290711
T54006,0.28212336
T36380,0.012953908
T55100,0.27418035
T51056,0.07638242
T30586,0.11668653
T50711,0.091455676
T33208,0.26721296
T47682,0.014064334
T33337,0.35084036
T50380,0.00018346784
T51726,0.4654275
T42180,0.0028928472
T54848,0.016090315
T45622,0.032552566
T51375,0.00029734097
T49159,0.00052022113
T49928,0.0020661457
T39277,0.46128854
T48942,0.5769093
T33153,0.056762848
T42063,0.00029423978
T54569,0.25749323
T41052,0.010469096
T37225,0.0029581883
T30049,0.25627056
T46264,0.04006136
T43215,0.00036756363
T43440,0.21994834
T50699,0.00073020026
T44724,0.0062327534
T42373,0.004682809
T43669,0.022702275
T31409,0.22746329
T43076,0.32538095
T38273,0.50851274
T31896,0.008167887
T49982,0.1916332
T45750,0.068211064
T55149,0.18361197
T36170,0.06347094
T37905,0.06129748
T57243,0.001080537
T54063,0.00019591759
T43905,0.11195558
T34181,0.09905215
T43025,0.061813775
T37427,0.024145834
T44847,0.3298099
T48682,0.028827969
T50856,0.0003957336
T43357,0.0013645906
T33823,0.45908135
T47949,0.001354361
T46929,0.079888485
T40306,0.18498233
T38449,0.013488077
T52273,0.18765089
T44731,0.004849635
T31621,0.002237643
T41332,0.0042588534
T48575,0.24198985
T43948,0.00051096344
T40631,0.61503
T32812,0.0007564307
T42793,0.00064310886
T48233,0.08568856
T57230,0.032024555
T34589,0.041745897
T38560,0.001248707
T38135,0.0063877916
T35970,0.002105043
T52101,0.0064270305
T38430,0.0019303564
T56842,0.01504147
T40212,0.008464944
T43246,0.311673
T35759,0.019055173
T37256,0.5330769
T35794,0.073629774
T58195,0.4510168
T32262,0.51824015
T39248,0.37493518
T41211,0.0062878076
T51398,0.0026297623
T35636,0.0020457823
T55378,0.17933516
T33256,0.0163625
T56707,0.01707559
T48753,0.07452001
T46758,0.0045200004
T55910,0.00080103416
T48335,0.24045849
T54204,0.13544483
T40740,0.14642072
T56655,0.070287146
T30143,0.21256472
T54211,0.5077115
T49534,0.00049498735
T55585,0.45222902
T57456,0.0011815926
T51853,0.0011900455
T30850,0.013105492
T41941,0.26032737
T41505,0.021271283
T55806,0.007067659
T45934,0.39623263
T45387,0.20083542
T45208,0.023605889
T39161,0.016934026
T50687,0.41727152
T53386,0.7015212
T53097,0.003678535
T57760,0.053956542
T37124,0.0014862934
T33448,0.015326174
T40681,0.028318547
T39935,0.6291425
T45744,0.28851864
T49032,0.061506618
T50884,0.0022871254
T30596,0.18612494
T45127,0.016156048
T52921,0.001680001
T31239,0.0034058755
T50698,0.11284984
T48299,0.13947996
T30045,0.005564893
T36593,0.0019143588
T31807,0.0009029907
T50583,0.024293361
T56792,0.3708286
T44098,0.051603723
T55343,0.008222621
T43627,0.32968268
T57759,0.09395423
T56233,0.12886386
T42729,0.5921078
T42212,0.013950148
T30674,0.0041298047
T51682,0.4537853
T54214,0.00039589926
T33948,0.003359277
T32932,0.056465678
T39244,0.5029398
T44067,0.021184964
T43632,0.63565135
T36642,0.6925575
T55789,0.26027858
T51559,0.02704958
T36221,0.013128719
T33008,0.00020647445
T35933,0.016711198
T43859,0.0019088145
T44464,0.32545888
T32010,0.00024616922
T49124,0.0013966922
T56576,0.0007847295
T55924,0.014457145
T34657,0.013106442
T51900,0.06591376
T41600,0.4635925
T46831,0.010433378
T40245,0.0012902343
T34968,0.032413818
T46726,0.011732326
T51272,0.031853244
T31563,0.464357
T46105,0.020041456
T56270,0.0041169105
T45484,0.008839552
T34973,0.5169417
T47219,0.08443107
T37161,0.7062392
T48917,0.0817248
T55414,0.00086162693
T51727,0.026966315
T55199,0.0030354187
T36692,0.0006827699
T33030,0.007569149
T51815,0.13310273
T39909,0.00096133974
T51990,0.79329264
T36437,0.00067760487
T42683,0.6076118
T47561,0.019934727
T45842,0.057380363
T39103,0.055264145
T30386,0.22406207
T46933,0.2602143
T38516,0.048388585
T38534,0.0155545315
T56490,0.07939213
T48179,0.21988353
T51494,0.0066962154
T44961,0.017559724
T56701,0.031745613
T33230,0.015254832
T37775,0.00050032063
T56503,0.04779875
T51342,0.00032226564
T56188,0.0066785314
T44103,0.07846427
T56236,0.00094550283
T37968,0.02229755
T38461,0.28267965
T36397,0.08649507
T42267,0.00017438247
T52008,0.2489135
T43957,0.0013455393
T56769,0.017545383
T52326,0.00039691335
T37087,0.0010767023
T32526,0.41034022
T33329,0.0050287526
T31332,0.074614935
T40063,0.1175135
T37153,0.00024920734
T55434,0.004499052
T54981,0.04063063
T42698,0.21620552
T45008,0.38214606
T41122,0.026556756
T47186,0.117260255
T41743,0.0013486235
T51657,0.0015198049
T33919,0.27379444
T57715,0.0019920212
T46438,0.034936335
T51557,0.31548926
T50286,0.00049885415
T55311,0.0016486368
T47015,0.14889401
T35314,0.00039761548
T32070,0.72240967
T46966,0.0645513
T57182,0.00041018717
T38099,0.027630618
T32029,0.015885089
T52760,0.5959319
T34485,0.3222664
T36316,0.0011461737
T56175,0.0043633953
T57420,0.5679482
T43002,0.013467491
T41090,0.017773071
T38240,0.0009936577
T32270,0.012386473
T34788,0.0118048685
T37213,0.03197886
T58160,0.0031221777
T49397,0.5274714
T45797,0.010229919
T30730,0.045325525
T32124,0.0063154506
T36480,0.0011925237
T40978,0.0010654096
T30792,0.043549307
T32343,0.19079444
T56464,0.00038377405
T37994,0.036288522
T43064,0.004343545
T56004,0.010331605
T45022,0.0024796359
T36528,0.0116492715
T36648,0.30124035
T36211,0.007915024
T58114,0.34291676
T54123,0.032723054
T46014,0.23399766
T53826,0.011549175
T37112,0.0040510236
T58110,0.23772424
T40872,0.00319981
T33652,0.009756565
T49804,0.007419118
T45978,0.0043583517
T49884,0.00093694223
T44258,0.016490905
T39504,0.032278568
T30757,0.007889103
T54669,0.00081909925
T40556,0.01694114
T30035,0.08077945
T44326,0.7618459
T52188,0.43131903
T46844,0.056157235
T47354,0.0010313055
T49160,0.002760123
T57492,0.44190508
T57446,0.00013442476
T52323,0.07514475
T48297,0.19715513
T33082,0.0020433266
T36640,0.0038011218
T32006,0.021879068
T36737,0.0025318577
T33920,0.6714049
T33128,0.0075691133
T45751,0.0067481594
T39195,0.0007184945
T33274,0.0076935096
T36601,0.0071748807
T53890,0.008437432
T32115,0.43288794
T38183,0.3729373
T51941,0.02114132
T34024,0.017339928
T39428,0.0012445303
T36322,0.014359655
T50988,0.33576977
T39886,0.0048382413
T33746,0.0009677099
T41112,0.0020141657
T54597,0.5850573
T52874,0.0052134343
T53901,0.021965047
T46576,0.38615125
T44429,0.0011900829
T38263,0.0012364273
T51324,0.0021495465
T43350,0.17815372
T37360,0.059609313
T32200,0.08226424
T38686,0.21039039
T47611,0.08100612
T38097,0.028376415
T57553,0.018793877
T54191,0.0030727512
T35212,0.045514215
T40778,0.012507108
T35556,0.4940951
T42488,0.026536608
T43436,0.004704256
T46767,0.12833771
T39122,0.12939253
T53835,0.038301963
T30770,0.031511523
T51215,0.016540753
T53393,0.0043387944
T55891,0.13765837
T53140,0.059844777
T38407,0.038479414
T46949,0.0039839176
T37498,0.029423207
T57060,0.6466863
T44466,0.06906332
T46083,0.004608107
T33455,0.04034733
T55521,0.65331614
T46153,0.042979043
T51063,0.18293507
T36220,0.0012105908
T45389,0.0012153068
T43167,0.0011423184
T57572,0.40829247
T32583,0.06764683
T37763,0.0034574806
T37729,0.008431953
T54067,0.29102868
T38958,0.0019604987
T50765,0.02051829
T56314,0.0042133485
T37999,0.0067296633
T39634,0.0007389759
T43493,0.0055009695
T54672,0.089767516
T42077,0.06197364
T52147,0.41463357
T33099,0.0027832757
T32630,0.0032998305
T33240,0.00049481215
T42214,0.0049115126
T57248,0.12063974
T42196,0.054809853
T56241,0.0022253403
T42786,0.0012475122
T40515,0.0084349485
T32377,0.0008988014
T30381,0.026057743
T44558,0.009936644
T56757,0.044382475
T54997,0.049406018
T40046,0.4501415
T53961,0.09309792
T48136,0.009440017
T45220,0.004643957
T30128,0.02358076
T33061,0.00088439684
T46967,0.0072466475
T43941,0.001304575
T51565,0.24422337
T39667,0.7931779
T58178,0.041527618
T56880,0.0013260084
T40604,0.061752167
T52385,0.022701913
T54178,0.03821106
T49014,0.077532716
T39690,0.015170102
T54671,0.011132276
T42830,0.0012224766
T56741,0.0017172472
T57736,0.011869221
T50278,0.00843077
T53428,0.7568395
T44267,0.33060348
T38747,0.08659338
T51022,0.106836066
T43127,0.07910372
T30741,0.018835645
T37277,0.5492872
T49686,0.0713952
T31553,0.02243326
T58024,0.0013510572
T41068,0.048375655
T41986,0.0014195113
T38189,0.01021885
T38295,0.11313118
T31206,0.0018966583
T39169,0.056214925
T47544,0.5713987
T40903,0.82145965
T56868,0.059236366
T35619,0.007944057
T30136,0.008198736
T30662,0.0012364873
T45124,0.0034578193
T40110,0.0024866788
T41263,0.0035085077
T35413,0.048533443
T41100,0.0029832006
T32407,0.7550519
T53605,0.07687369
T47498,0.0021723898
T40490,0.0012946534
T37052,0.034064524
T30655,0.1947929
T30726,0.0016448903
T51506,0.0030223643
T54733,0.0018266916
T54547,0.090969004
T45287,0.0023319898
T56364,0.00560067
T51629,0.37177718
T33280,0.019805094
T34154,0.0012639024
T46329,0.001850116
T47190,0.0029377076
T45267,0.00839637
T39251,0.43063796
T35350,0.039649643
T39911,0.044287477
T31737,0.0006591354
T56057,0.0029559825
T43922,0.0006321658
T43823,0.0024233796
T48565,0.09115774
T47479,0.039818197
T30096,0.011404245
T31971,0.044500437
T31666,0.12400088
T44358,0.0040625446
T36478,0.007806676
T46615,0.022370718
T30769,0.11963055
T32453,0.057911713
T37223,0.019797439
T54240,0.16043332
T43880,0.12070876
T56805,0.19470777
T36286,0.0010325998
T42515,0.02542508
T52738,0.42556646
T55943,0.04119354
T43060,0.44683182
T33947,0.07862183
T39254,0.28791678
T39770,0.0051261624
T49942,0.7547914
T46159,0.0010629734
T41850,0.2616075
T47420,0.0008485326
T50117,0.017389176
T58018,0.004634207
T40434,0.00413846
T45827,0.02110712
T30090,0.030256862
T43250,0.63787735
T45405,0.00019373358
T50336,0.040601898
T46791,0.29747805
T50922,0.1730372
T45026,0.001287197
T51913,0.0941006
T58098,0.004483023
T46258,0.0006379687
T33566,0.0023542955
T31394,0.002455385
T46561,0.039974336
T33165,0.07622224
T42152,0.005438772
T47642,0.061849
T44773,0.1604548
T44474,0.3363956
T53710,0.012341098
T57750,0.0009943272
T46761,0.12326036
T54946,0.027349902
T56927,0.019160978
T32814,0.57025397
T55992,0.004801554
T40645,0.041070517
T34143,0.030606829
T34421,0.04379441
T34338,0.29268348
T41220,0.21960746
T48460,0.025812235
T35271,0.011472127
T48927,0.007183867
T56788,0.28621027
T55538,0.059452698
T30648,0.23804295
T51187,0.028780056
T44055,0.13309748
T42676,0.0048316037
T37596,0.10326798
T39597,0.26121995
T39146,0.043353308
T44026,0.0041257157
T41321,0.009647292
T36755,0.002311477
T43653,0.06404135
T40487,0.00015964775
T32315,0.04026387
T53303,0.0033164457
T32782,0.39875123
T49048,0.0025838776
T39792,0.0006332268
T45633,0.009214262
T49080,0.056090876
T32128,0.23179212
T53128,0.0073036626
T47612,0.5026856
T42778,0.77785075
T48772,0.0027062409
T54791,0.0003533825
T32333,0.43064085
T54141,0.23382352
T48550,0.3486075
T34863,0.0045952266
T47319,0.7889569
T49483,0.4469787
T36056,0.0039818934
T47276,0.0014643617
T47669,0.15841448
T43074,0.69955343
T47031,0.0045655766
T44891,0.323312
T56226,0.5741911
T48720,0.03988543
T46432,0.8068519
T35721,0.00076744857
T41282,0.010997554
T39523,0.008438714
T57424,0.0014017685
T57863,0.00071544584
T54027,0.0020672656
T46346,0.05500706
T39481,0.5787836
T33951,0.50563675
T32687,0.006019643
T53937,0.033119958
T34956,0.71378475
T57006,0.0685994
T49276,0.010410397
T36903,0.012856647
T37306,0.00036502286
T43975,0.7550519
T44726,0.4367884
T42297,0.032503247
T33727,0.1259471
T39879,0.17291793
T54865,0.018170321
T38726,0.0029484131
T50588,0.011178399
T57986,0.0011755521
T39089,0.011886834
T33193,0.36156657
T32161,0.059717685
T39692,0.009267256
T44209,0.006039725
T57307,0.014873482
T53385,0.370264
T44592,0.018491901
T56571,0.74189353
T53290,0.036083013
T47034,0.050894562
T32455,0.47194362
T31967,0.017319083
T56494,0.09143711
T44713,0.017028788
T44500,0.07784503
T51030,0.021892097
T33596,0.09635251
T52258,0.084001474
T51723,0.48807338
T54371,0.30586916
T46894,0.0359538
T39764,0.05602743
T45371,0.2991269
T33408,0.48202658
T31303,0.0005994176
T35403,0.013343579
T41844,0.009365583
T46691,0.1312781
T42971,0.37182635
T31681,0.0010423443
T33932,0.0015427317
T33327,0.00035761629
T46633,0.011023126
T51286,0.0015831814
T33048,0.003243049
T39140,0.00018991868
T39465,0.0014277393
T48408,0.0036680782
T46040,0.74497145
T42268,0.34234628
T53174,0.12310389
T43759,0.34913495
T50531,0.0013554482
T53994,0.07586948
T53473,0.002474483
T38354,0.0016446711
T45342,0.038877998
T39374,0.20572552
T51594,0.00054234726
T50804,0.02292849
T51556,0.12946564
T53372,0.0005032775
T46292,0.57859063
T31944,0.0197459
T41158,0.022115666
T35792,0.005317928
T43937,0.11526775
T47672,0.0037253243
T49492,0.0069177956
T30001,0.004451352
T44754,0.004235222
T37028,0.4490129
T38361,0.017979827
T33673,0.034206033
T35602,0.00060075393
T47096,0.060469475
T38544,0.5741911
T51041,0.000779859
T36049,0.5363401
T49082,0.40233448
T45738,0.0037787904
T30591,0.24992628
T56135,0.0020327177
T53423,0.15062377
T35402,0.12012027
T37823,0.011528123
T37334,0.022380065
T45423,0.008782296
T53538,0.39773437
T36202,0.04334601
T56693,0.14173631
T40241,0.0012376691
T33990,0.32236746
T34880,0.0031979962
T39730,0.5609326
T50155,0.012706828
T47591,0.0045804405
T42794,0.042071737
T40672,7.7037155e-05
T55915,0.0021690435
T57889,0.058608584
T49428,0.010009336
T30685,0.4491533
T46191,0.00162779
T30314,0.002413113
T57862,0.0041737705
T45192,0.11349028
T45723,0.0020777904
T44187,0.31970453
T31045,0.016843107
T34758,0.0007793717
T57481,0.046427485
T57609,0.006629251
T39040,0.006014698
T30176,0.045732927
T50831,0.0069579775
T48238,0.016123815
T36613,0.2348161
T32464,0.02197207
T51340,0.004407962
T42710,0.0006611569
T55405,0.06326809
T54516,0.18449678
T39652,0.32295948
T35045,0.015282089
T33557,0.39574182
T44597,0.0051929387
T57400,0.1992869
T35815,0.023419153
T30282,0.21782106
T40385,0.0016799514
T38702,0.002293862
T40138,0.1981726
T44715,0.04553903
T43435,0.40236303
T34644,0.02328488
T48273,0.0013655813
T53005,0.0007166759
T34703,0.24950436
T44813,0.0010639208
T36199,0.02637746
T31387,0.0031722996
T41700,0.62973773
T38662,0.002463825
T44126,0.00059886597
T54673,0.07304577
T42478,0.03613795
T41416,0.04464249
T50418,0.019636614
T45874,0.22174701
T56081,0.0027356187
T50364,0.014637738
T40473,0.42112443
T48760,0.011910353
T50585,0.19352536
T42415,0.03499675
T55138,0.0009963181
T43746,0.017413024
T32674,0.01160767
T57319,0.0010390413
T52056,0.6698357
T55692,0.0014319809
T55614,0.01751795
T38267,0.0019472574
T39431,0.14989264
T50162,0.0013280666
T47625,0.21497314
T37587,0.0185073
T30706,0.32656154
T33928,0.10596082
T41076,0.7415031
T34815,0.017808
T58028,0.0013830502
T35940,0.005799859
T40043,0.0014101719
T49874,0.0040200166
T35017,0.015743995
T49564,0.010633717
T36393,0.021567931
T41888,0.00338337
T32724,0.0030790123
T32803,0.03816744
T43444,0.13291438
T44856,0.02153124
T39538,0.021466615
T45419,0.44503203
T57155,0.012824956
T34821,0.0759835
T45906,0.42717704
T42923,0.13810317
T49978,0.032338873
T37449,0.010523926
T31607,0.082442366
T40019,0.075968765
T41838,0.040853925
T56248,0.008435315
T47390,0.026807582
T47567,0.03051554
T35047,0.067003936
T40431,0.055375304
T36932,0.05097646
T50444,0.014878968
T49638,0.12999721
T45101,0.0050660227
T37150,0.48525855
T43533,0.055568356
T54189,0.33563557
T48069,0.05423257
T51335,0.08138054
T33850,0.0022142911
T47349,0.017831352
T56189,0.019050945
T39787,0.033611834
T44068,0.0450321
T32976,0.0015786731
T43110,0.0024872713
T42787,0.054379918
T52144,0.0012185293
T51328,0.081721656
T37838,0.0035579905
T56020,0.063119315
T56808,0.0052068997
T57314,0.6730263
T50876,0.22700056
T30815,0.5952126
T47300,0.044389613
T40030,0.0019948152
T43330,0.06181274
T36782,0.34529373
T32381,0.20370148
T54363,0.02899236
T30401,0.0009772936
T32890,0.0024594527
T53947,0.26054266
T46998,0.063036054
T50438,0.120571546
T49356,0.63069767
T39415,0.3088914
T50289,0.004697748
T35685,0.13255279
T55008,0.008814874
T47541,0.0017293872
T43480,0.075951375
T50075,0.58018464
T30610,0.0043025715
T42173,0.24944776
T39802,0.0005746024
T35242,0.564639
T56761,0.0023042501
T40951,0.010658171
T41324,0.10367097
T32137,0.13555835
T35639,0.02660167
T44375,0.1702559
T51963,9.436133e-05
T33059,0.02484076
T52487,0.015806912
T39850,0.001468721
T38863,0.13445108
T38201,0.0005671154
T46518,0.5740553
T57567,0.3068814
T46069,0.28941187
T42121,0.007574259
T33589,0.048521392
T41233,0.2429264
T47320,0.62957263
T38724,0.030006722
T37109,0.0084450515
T45457,0.0011841191
T39206,0.0011088933
T41673,0.004529137
T57945,0.060220253
T57564,0.07266292
T54322,0.024610456
T40295,0.0052288095
T34239,0.06290167
T46509,0.44121912
T36599,0.12872332
T35798,0.0032340076
T37043,0.5319382
T52535,0.011757248
T33785,0.16801012
T44710,0.02329761
T57531,0.023638573
T37837,0.003443763
T57490,0.05182329
T33116,0.0153401485
T50220,0.06502373
T40832,0.031711243
T33445,0.0022966375
T54741,0.15218093
T57458,0.072830126
T36718,0.15173371
T37293,0.0066774874
T57585,0.300191
T37281,0.46737233
T41745,0.010180247
T45734,0.0025170676
T56442,0.09215135
T33977,0.01778482
T31435,0.02140135
T38511,0.0019672923
T33583,0.0390597
T56474,0.33579615
T40184,0.098425575
T35567,0.02049559
T33937,0.006113677
T54771,0.0069225864
T51693,0.0346458
T55481,0.13094494
T51011,0.029066114
T46602,0.00045903015
T47197,0.0030570682
T31767,0.0051945304
T48514,0.6235655
T37726,0.008449409
T40383,0.6469852
T39703,0.005126656
T45468,0.07775511
T47970,0.022233289
T35279,0.0017050584
T54854,0.06509442
T36216,0.02162956
T42889,0.28688055
T55093,0.014851498
T46161,0.009332703
T50627,0.00036867382
T45989,0.0017198757
T56238,0.27563295
T39812,0.6069482
T33279,0.0058591166
T41130,0.54239774
T36730,0.026168179
T30837,0.0007243717
T44370,0.12649982
T46775,0.07567538
T39384,0.14589502
T51068,0.18975961
T42869,0.0006015337
T32465,0.002894289
T46194,0.02110223
T33622,0.08129454
T48569,0.071774304
T49813,0.22020394
T54847,0.06653773
T47717,0.3292522
T36581,0.016267424
T38807,0.0022661597
T45023,0.019402716
T57238,0.022581547
T56468,0.025759166
T46462,0.00079641835
T33407,0.0040967898
T53573,0.008258137
T55804,0.0028550269
T43331,0.2439005
T56030,0.010922322
T40998,0.20635793
T56269,0.0029522565
T38321,0.0024349147
T52313,0.0016477212
T31454,0.11245845
T36897,0.2006705
T54634,0.0037175366
T44756,0.5905932
T41876,0.032607015
T53655,0.08930468
T47222,0.00083177665
T54252,0.003065981
T51261,0.010934924
T35247,0.1256236
T33714,0.0063004736
T49268,0.0015504734
T34404,0.0023802968
T39473,0.4703268
T42059,0.056091562
T35720,0.18422762
T55884,0.09352599
T34761,0.6626406
T38499,0.025214916
T33403,0.08972039
T55416,0.7457678
T34683,0.00083753036
T47425,0.17418286
T53930,0.001429452
T44975,0.012022067
T55394,0.010141291
T56751,0.34353533
T49715,0.016580267
T34396,0.00094117515
T42503,0.0530692
T41727,0.020033417
T32908,0.0106325885
T37257,0.088523455
T51170,0.024389885
T30087,0.49612767
T32457,0.00066431274
T35700,0.0010762438
T43698,0.54290336
T50338,0.14843722
T47130,0.006547758
T44079,0.0007331493
T44087,0.007594896
T43213,0.03580795
T44481,0.015521038
T45929,0.010963273
T38347,0.006494063
T40521,0.35936406
T37869,0.17554133
T47132,0.08994429
T36268,0.08083761
T39367,0.1141167
T45451,0.044118565
T38951,0.00011832525
T33343,0.004957762
T55562,0.40670335
T34480,0.08739518
T35475,0.0023891667
T35550,0.00660833
T43812,0.060343497
T53358,0.012056131
T53449,0.18760087
T56965,0.002565768
T44508,0.27091444
T31710,0.09642969
T55398,0.006375008
T34269,0.25156763
T41809,0.000384913
T38941,0.2297949
T38137,0.16105266
T51361,0.00096432155
T33553,0.10709417
T30611,0.0679918
T32096,0.004389829
T32240,0.66609377
T36808,0.02107155
T33537,0.0081971465
T44593,0.83232605
T51380,0.024760734
T52364,0.5288982
T45066,0.012852592
T54798,0.015612393
T50551,0.20549937
T38063,0.032764178
T39775,0.0008873199
T32437,0.0011052034
T44621,0.7442261
T49614,0.0044854796
T56453,0.000809391
T33268,0.31761214
T57720,0.050309807
T30082,0.2502594
T37987,0.03261086
T38443,0.006743102
T48661,0.038188826
T45617,0.78589
T41831,0.40955946
T57660,0.0051671993
T42876,0.1888841
T40285,0.29216543
T52023,0.0021433001
T52979,0.63787735
T42033,0.5063764
T39127,0.00041008025
T43748,0.0012118696
T54864,0.41835514
T47447,0.3994695
T47874,0.0064502293
T30135,0.69955343
T39981,0.039338667
T56942,0.09565493
T49041,0.0057892087
T56528,0.019415045
T45113,0.0007721025
T30716,0.0018852988
T45721,0.05140229
T57687,0.81601405
T50152,0.120821506
T43334,0.0019280023
T30164,0.0018166422
T53065,0.011160115
T37341,0.6962264
T34543,0.0007767929
T36337,0.002707676
T48926,0.06634971
T54581,0.165274
T51810,0.41598323
T45749,0.0012675968
T55308,0.0011783802
T34122,0.045911513
T54257,0.003306592
T53112,0.2969751
T52624,0.0017555567
T43088,0.08380925
T54293,0.14782757
T52161,0.0041338326
T51238,0.018029496
T48006,0.05548717
T49664,0.6328742
T48816,0.030623404
T49734,0.0043634963
T47355,0.31157744
T51995,0.044165444
T47487,0.011083893
T53143,0.017247077
T38363,0.028815776
T56082,4.151285e-05
T52322,0.098922655
T48679,0.1862693
T45161,0.005195945
T54092,0.4116221
T47419,0.0019959242
T42607,0.12079733
T40197,0.0014623738
T43358,0.03317721
T54190,0.14994383
T55975,0.0029139759
T30545,0.076136254
T38526,0.30246112
T38376,0.32293427
T52890,0.0010334483
T55127,0.07209163
T33597,0.0036921848
T40158,0.032345966
T32628,0.03671844
T52545,0.21281329
T53534,0.012066966
T51527,0.04186053
T34626,0.12436865
T55896,0.02018126
T55086,0.07006027
T44022,0.019084457
T57741,0.0013660938
T31491,0.0004719986
T42391,0.15650788
T36104,0.003080362
T30054,0.24063775
T43323,0.011140761
T38913,0.12722066
T47297,0.00051079516
T44802,0.17339818
T34541,0.0053062597
T33800,0.29428074
T46140,0.034639634
T53090,0.034348622
T55827,0.31845137
T43085,0.44049662
T34947,0.021999897
T42251,0.016559048
T52848,0.0006744652
T44182,0.0018404725
T57488,0.02269063
T36563,0.22820054
T45358,0.0050992863
T33500,0.46821484
T44850,0.006602432
T53707,0.019720912
T45660,0.19113627
T32501,0.27052724
T45944,0.075732686
T34312,0.09007122
T44277,0.022975428
T58006,0.0050465562
T31818,0.32668176
T30209,0.063171744
T31499,0.008992922
T31265,0.005581733
T41316,0.25994942
T41442,0.38103497
T44150,0.0052118693
T41371,0.15539777
T43393,0.0047142887
T51672,0.0026825417
T35712,0.006554731
T43415,0.02634019
T30398,0.01243517
T37704,0.005861408
T32648,0.10197449
T49878,0.4835326
T43671,0.0031224417
T35729,0.054012466
T30423,0.00068852503
T50365,0.0038446763
T57532,0.0040161884
T37698,0.36225784
T38226,0.12627558
T37122,0.036707815
T56917,0.003078222
T36749,0.004818907
T52909,0.30151224
T56293,0.023273826
T41539,0.21896493
T41265,0.8517596
T49830,0.33343312
T41739,0.6042845
T50947,0.3671363
T33767,0.0478868
T54146,0.08401145
T49741,0.27978367
T31051,0.007710193
T44665,0.050054595
T44708,0.016950639
T42519,0.7463357
T44990,0.07132816
T46688,0.0022393675
T46720,0.0411328
T46241,0.0066774874
T33775,0.0038188668
T52763,0.0021715176
T33158,0.015254251
T40685,0.00052856276
T44153,0.11762998
T49788,0.0040526264
T45254,0.13189617
T46985,0.41712305
T36836,0.14875838
T47226,0.0003382054
T39052,0.0024437704
T32267,0.01771331
T54423,0.027338488
T34441,0.14822134
T33635,0.03625735
T39976,0.12220137
T57434,0.0041032736
T44304,0.40021184
T41884,0.08555598
T46977,0.08809598
T35397,0.022948716
T34555,0.20700859
T54730,0.31292287
T49969,0.8436044
T55483,0.0248214
T30330,0.6365279
T32274,0.5239644
T35340,0.031070838
T41484,0.0030419233
T36687,0.025077248
T47012,0.03587267
T32551,0.43797177
T36429,0.0007105762
T33706,0.0019508945
T33812,0.022039065
T54278,0.002801019
T45994,0.0059291716
T53663,0.0014545448
T45735,0.11246003
T56262,0.22596118
T30134,0.00028404742
T55668,0.010657678
T30415,0.075653866
T43123,0.13536786
T49421,0.00093853846
T56089,0.03218658
T49388,0.0018395905
T49044,0.14895654
T35675,0.0036380205
T33925,0.027636325
T55186,0.01303661
T36950,0.013281509
T51486,0.54444253
T38381,0.0003065454
T56264,0.0037379463
T40489,0.0062615657
T48261,0.15023363
T46413,0.03278367
T47674,0.0035167432
T30776,0.0013070499
T36818,0.073504984
T43007,0.0003401685
T56704,0.0017216777
T45726,0.015595049
T36107,0.0031704516
T32881,0.03163105
T30686,0.07265989
T33538,0.00656087
T40027,0.22683533
T40005,0.028450217
T46832,0.47302434
T45766,0.0028183814
T44445,0.0007152202
T57388,0.0075298026
T50107,0.21784852
T34904,0.0010952329
T39997,0.00020592668
T39129,0.05888339
T53250,0.0069337306
T33498,0.0044773384
T46146,0.048080206
T41115,0.10514816
T51669,0.77043927
T50489,0.0005029006
T48849,0.06512295
T37162,0.102692395
T30467,0.0065668058
T32121,0.0028232262
T33033,0.0058573834
T43742,0.23408672
T45391,0.0029325013
T45822,0.049472716
T39846,0.04978316
T33433,0.008546836
T50140,0.17201434
T30619,0.054303452
T34171,0.00045050727
T44860,0.2055203
T48503,0.0043820515
T48588,0.23833537
T39569,0.020650564
T41595,0.004817311
T34509,0.22836629
T44609,0.029522453
T31614,0.0039770175
T35932,0.11124136
T33979,0.002182079
T44510,0.002212083
T34741,0.0040877475
T30251,0.1310496
T42809,0.00018301897
T35219,0.489287
T44647,0.651906
T50372,0.2662906
T44829,0.04992644
T33348,0.0027107347
T48860,0.50216234
T56355,0.00030385857
T56940,0.0074229953
T37686,0.011038301
T35925,0.0025143896
T49583,0.03040033
T53643,0.07089396
T30076,0.24466895
T53776,0.003588039
T55808,0.6957455
T53849,0.0018024474
T38710,0.017670112
T56651,0.0005698802
T50650,0.00063081825
T35153,6.0079838e-05
T46856,0.028175378
T56864,0.0015053342
T44688,0.008526716
T46811,0.045172855
T44946,0.047201138
T34814,0.27656734
T30446,0.022809757
T38244,0.124185555
T40016,0.03762096
T52058,0.4361732
T52972,0.1898535
T55835,0.0014304372
T55954,0.1625016
T44723,0.0048311083
T41421,0.0072444696
T52669,0.0011162806
T32391,0.19476824
T47198,0.0007826661
T52644,0.008982873
T31744,0.00027681692
T46723,0.06199313
T32164,0.020991711
T47900,0.58358574
T45686,0.020674566
T34258,0.4729532
T32350,0.079508714
T42019,0.0059945853
T32248,0.0126296105
T30633,0.004071356
T45708,0.00092528743
T53844,0.013318178
T57610,0.004703399
T34136,0.07225854
T35905,0.11295302
T37821,0.0038192535
T49594,0.0014501688
T51919,0.049687434
T42974,0.29457906
T34413,0.0131236175
T38003,0.6519395
T46789,0.36461243
T47253,0.005621374
T33436,0.0025526127
T57369,0.003722018
T48992,0.015013732
T55881,0.47696975
T45180,0.004201859
T56869,0.02279853
T55301,0.18856907
T52312,0.030536307
T52636,0.19326203
T33113,0.13575986
T55096,0.000959949
T31076,0.00065313233
T30965,0.0021605531
T55667,0.00033083677
T31816,0.00021402523
T45096,0.00078570674
T57227,0.0099939965
T50803,0.00202487
T45309,0.27710354
T47976,0.3915906
T50547,0.0069640395
T37160,0.01332187
T35973,0.0043592826
T33940,0.5996484
T39769,0.0073552206
T46699,0.0007539529
T52638,0.31010094
T36957,0.0026423023
T36988,0.0019808712
T35333,0.010013141
T31352,0.7596567
T38669,0.027772218
T55112,0.0094486745
T41314,0.02720373
T42159,0.0016248425
T37020,0.0094665075
T56952,0.6933653
T34328,0.15970421
T38987,0.09629255
T47631,0.018119032
T48005,0.00062448846
T54896,0.00027283502
T56345,0.0044171936
T37197,0.0015146942
T33443,0.022789396
T44145,0.0019620508
T30098,0.0052292137
T45872,0.007623385
T53457,0.026142031
T39110,0.08621511
T45489,0.71589607
T43397,0.5469645
T44463,0.004253589
T56987,0.022967111
T53596,0.18569098
T39383,0.016485045
T54026,0.112350084
T55248,0.3689371
T53809,0.12400798
T46804,0.011283004
T40889,0.030741792
T57671,0.007900498
T54419,0.0068500713
T39034,0.05583508
T39061,0.038573135
T54341,0.013390847
T55523,0.0061741835
T32035,0.27931362
T52245,0.18702962
T46210,0.44126305
T43143,0.0076296027
T36725,0.0090913195
T35760,0.0017804573
T52918,0.009050888
T44316,0.0044403328
T38758,0.004486704
T38203,0.00026095012
T34763,0.124241956
T36373,0.0058854613
T45716,0.22438826
T40194,0.004355981
T37317,0.059105046
T35694,0.007879099
T55603,0.0566934
T47232,0.008308845
T30542,0.0018021094
T52586,0.00091764174
T48110,0.003310155
T47079,0.43132985
T49129,0.5659171
T39623,0.003744643
T43175,0.015615853
T38431,0.16737342
T54776,0.04793246
T52466,0.17152373
T57083,0.2496924
T38627,0.0023664031
T58083,0.19568951
T34707,0.04595157
T55385,0.0037505608
T34965,0.0028139532
T51254,0.44520426
T51908,0.41731915
T35489,0.08792935
T42833,0.4906681
T50654,0.39431986
T40834,0.015904339
T31999,0.0033855028
T31644,0.00760411
T49575,0.59947586
T56540,0.46728206
T34397,0.029680457
T44661,0.33895254
T49595,0.630257
T40963,0.0008779203
T34012,0.00033375286
T48815,0.022129169
T45243,0.0010342633
T53991,0.6690926
T43268,0.009546956
T45879,0.000498993
T46042,0.21352912
T47573,0.34234628
T58100,0.025558202
T38623,0.36748254
T37595,0.03973703
T57679,0.17348883
T50960,0.008999473
T57805,0.49526966
T52297,0.073707424
T50359,0.0037186192
T30984,0.099347845
T55223,0.00879662
T38005,0.23102632
T52092,0.059996136
T34459,0.007984364
T42218,0.004046219
T57939,0.59713906
T51451,0.07445691
T56144,0.0036268667
T34243,0.59843194
T37479,0.0018500094
T57598,0.09882417
T48116,0.34814015
T36720,0.025871007
T48420,0.018273445
T39752,0.0008940967
T44778,0.0108995205
T30641,0.053589266
T55228,0.23769909
T49806,0.5162256
T55350,0.00072977133
T44486,0.00048130643
T57900,0.029402079
T48521,0.0062834853
T51884,0.00036191492
T46046,0.001104706
T54347,0.30765122
T39779,0.0356004
T45683,0.12529157
T48196,0.0029909299
T51818,0.023325343
T38963,0.0010238806
T50323,0.0062762336
T57204,0.37812158
T35188,0.4137635
T40525,0.00022937763
T39357,0.012116396
T45346,0.13331144
T44816,0.014472221
T48385,0.03415408
T33250,0.14663355
T31202,0.014441146
T37925,0.011262504
T58127,0.0024435984
T44950,0.017678795
T47466,0.023296045
T46637,0.6337462
T36278,0.16581833
T40583,0.023128398
T32682,0.70785
T55695,0.48487118
T31442,0.000110223176
T32068,0.008122876
T48239,0.12355236
T49838,0.022222117
T37219,0.42232987
T51872,0.022591617
T32844,0.002952944
T53984,0.01165423
T52869,0.37408715
T47581,0.0016859728
T57154,0.00842721
T31474,0.0030423575
T37181,0.5011859
T53832,0.004109461
T31380,0.048263617
T55610,0.05267144
T52409,0.02516651
T46974,0.08781587
T35157,0.5820987
T57565,0.06050553
T43668,0.06941364
T57345,0.37417546
T40969,0.22682807
T57117,0.094011985
T44654,0.00041737585
T44357,0.0011984942
T33515,0.0048506893
T46447,0.006542041
T50078,0.28139848
T43373,0.011386121
T35367,0.005200277
T53778,0.0062826965
T31648,0.018013818
T45672,0.007703939
T52666,0.018013818
T57662,0.021245483
T50110,0.006831981
T41782,0.07795659
T48836,0.06839788
T42897,0.19912636
T30319,0.0016070213
T43247,0.61286604
T32590,0.4121411
T36622,0.019634694
T40913,0.016710673
T31132,0.4296299
T31147,0.008602964
T53722,0.0047353823
T52425,0.41774234
T52338,0.003989206
T35704,0.3985533
T44663,0.034538507
T48884,0.38939852
T35601,0.0018512629
T48031,0.0030692446
T44402,0.000975416
T33233,0.005829373
T31864,0.0025929813
T50280,0.0029161174
T30475,0.005385906
T38887,0.025350638
T37749,0.30263752
T39933,0.0034027873
T40994,0.0027093906
T52704,0.0008852843
T30908,0.0018006859
T54825,0.00014118607
T56258,0.0052449456
T35002,9.743859e-05
T58032,0.5363067
T30131,0.0075284275
T42615,0.048173558
T57080,0.06274772
T32413,0.0009301163
T33522,0.0024116577
T46293,0.06821752
T38508,0.15134966
T55224,0.4348593
T48518,0.00024228297
T50657,0.0023763608
T32968,0.04902006
T56274,0.21212065
T52980,0.001177556
T47562,0.009543106
T30513,0.004892261
T35323,0.0005190557
T52335,0.018068235
T57162,0.0047646333
T47966,0.002742075
T53461,0.6064653
T30839,0.0012183524
T53066,0.037418645
T47920,0.00054167694
T57470,0.00080904365
T39027,0.48710594
T50357,0.25444743
T30562,0.0037014014
T41652,0.0016892449
T54994,0.23779485
T52608,0.00076787354
T49274,0.0010489399
T31438,0.4286547
T49665,0.008933271
T32790,0.6579222
T53798,0.0034868473
T38784,0.12718056
T38100,0.842533
T42141,0.0013623325
T46426,0.005721142
T55965,0.09368616
T44771,0.005278516
T47990,0.41517404
T39707,0.07080527
T39530,0.53493744
T56522,0.31952757
T56360,0.007174986
T48769,0.5741371
T54916,0.027355688
T42187,0.13695776
T57544,0.46721166
T51858,0.05662459
T53897,0.44644377
T47208,0.2502373
T47465,0.29652235
T41566,0.012919068
T41800,0.12521152
T33699,0.0004924996
T54483,0.17135523
T44168,0.0205877
T40408,0.026463145
T36225,0.0036490369
T30576,0.061290585
T45969,0.01382362
T34850,0.091295555
T56909,0.0168043
T49910,0.0015192992
T34679,0.0012102742
T55761,0.62221634
T55431,0.0005483506
T38117,0.009937958
T57951,0.5702939
T43532,0.03070836
T36982,0.5012563
T34229,0.40167
T38470,0.0013609437
T44489,0.010151627
T52408,0.0907217
T34836,0.0042524077
T49849,0.02003735
T46301,0.16388142
T47653,0.18361977
T38650,0.0007602203
T48135,0.72719413
T39500,0.6124669
T37105,0.008891024
T33063,0.019354278
T35472,0.516919
T33409,0.033302452
T57147,0.031889874
T37025,0.005807081
T44594,0.002310218
T49303,0.573118
T57193,0.0010370826
T46285,0.014050614
T36356,0.21118122
T55906,0.0068968325
T52591,0.36301106
T54941,0.5374628
T39117,0.009034424
T54764,0.0063939197
T41929,0.006311143
T57860,0.30443698
T45970,0.032929085
T30894,0.025442077
T46131,0.7051659
T43272,0.0054835295
T45059,0.081011765
T54442,0.0004440748
T51765,0.6429024
T50084,0.047169037
T44288,0.0015063796
T46163,0.06636141
T41892,0.00066791574
T43347,0.0033487026
T51234,0.013945766
T40038,0.0015137236
T55736,0.048079465
T47044,0.16522653
T36209,0.010790867
T47638,0.0011138592
T52628,0.029403161
T35386,0.017512755
T38131,0.68394995
T37373,0.0022170446
T38425,0.13408835
T48050,0.116126776
T39022,0.24079046
T32198,0.030420242
T57467,0.5298907
T36841,0.0011368451
T53201,0.7108499
T57180,0.06741251
T34344,0.029769327
T55029,0.12110564
T57763,0.07422059
T44605,0.08363164
T35834,0.006574266
T51171,0.5787836
T53852,0.003369612
T56877,0.01675477
T47773,0.143085
T35305,0.0001550103
T49730,0.080361605
T55914,0.5381661
T52994,0.13484848
T49717,0.01692478
T45792,0.07276904
T35545,0.00053170323
T56134,0.04922709
T37950,0.0050748703
T41467,0.007871253
T30997,0.0040708664
T42874,0.04443137
T51135,0.04614069
T42494,0.3028634
T51988,0.6083584
T42582,0.055214796
T48092,0.00067212764
T51569,0.35180473
T36332,0.009606213
T57332,0.67571867
T47818,0.0030929102
T51337,0.06293681
T49248,0.00084570865
T34789,0.023477241
T50865,0.0109921405
T34387,0.032951824
T39014,0.12965475
T33429,0.003615833
T42253,0.5625201
T32965,0.2750274
T36381,0.009680039
T38763,0.110756025
T40829,0.0045350464
T48332,0.0019405142
T39039,0.16399366
T46936,0.009501896
T57842,0.0011662613
T37694,0.005882772
T31344,0.0065121166
T55265,0.018875709
T55623,0.0027400935
T50284,0.510982
T46327,0.009193724
T44049,0.4415913
T45268,0.0027679023
T38978,0.004683883
T56890,0.015322052
T40726,0.14279881
T45593,0.002726857
T35262,0.036066223
T40368,0.28645977
T34110,0.017823713
T37410,0.0045536556
T57251,0.0002651178
T33244,0.0004170845
T36172,0.76124156
T39474,0.7049249
T51518,0.0424536
T42585,0.58214164
T54249,0.0014876752
T33693,0.0013152662
T44132,0.0042655016
T41330,0.16685662
T36881,0.0053643496
T40663,0.85086966
T42602,0.057848115
T47326,0.2803707
T34563,0.008553598
T56450,0.007642398
T53073,0.0008657838
T33382,0.0812108
T36925,0.0012401184
T30002,0.0007315797
T32077,0.7175647
T31583,0.052626967
T33354,0.31167594
T45961,0.0011016662
T57054,0.0003936144
T39099,0.21496134
T40204,0.00059862086
T39221,0.007255802
T54881,0.57569355
T31114,0.0010197612
T36651,0.08390584
T39456,0.17203648
T43156,0.0011742337
T56145,0.7689607
T37880,0.56038296
T55597,0.021520317
T57318,8.230747e-05
T38415,0.04878693
T43740,0.0018255224
T41703,0.016198525
T32515,0.21552135
T53734,0.21417513
T34995,0.013045208
T33305,0.12929475
T31578,0.001262642
T44007,0.46687976
T36530,0.0021555605
T37421,0.20843731
T48014,0.18595456
T54034,0.03244891
T30129,0.006871518
T43711,0.0056120236
T47743,0.0011768243
T49863,0.02332563
T41724,0.005669403
T36873,0.30533728
T31240,0.008170406
T30569,0.5225876
T48890,0.007770206
T35453,0.04845601
T57138,0.0038280298
T38717,0.18271668
T38684,0.022135299
T35180,0.0033962347
T35681,0.044682864
T46613,0.0005598894
T57987,0.10520464
T49658,0.00086365844
T38621,0.021966046
T42700,0.0203994
T46328,0.0107066035
T41241,0.54978186
T49347,0.78055614
T42789,0.00473685
T47984,0.03000758
T40189,0.008562341
T39891,0.036277644
T45065,0.0796966
T35695,0.0026443263
T45466,0.02407371
T50873,0.0013061551
T41642,0.0012355185
T43114,0.026188407
T47114,0.0034222486
T44588,0.00035294463
T34732,0.36914808
T38712,0.6027225
T31085,0.013944567
T33891,0.26195455
T41961,0.098982215
T43506,0.009241553
T56158,0.0021438305
T49035,0.0047226506
T41028,0.06738477
T47077,0.074430846
T31074,0.022623854
T38962,0.00018511945
T57108,0.15816884
T45754,0.16454272
T33786,0.00670152
T33031,0.0026846204
T57717,0.001713536
T49095,0.0069956286
T57907,0.00717624
T32296,0.8060081
T33653,0.0019085521
T56795,0.0033839925
T31103,0.0007574297
T33218,0.0034559467
T31969,0.3477733
T44195,0.001869414
T57716,0.024844998
T31465,0.008797049
T44293,0.024868483
T53042,0.31286052
T39423,0.19758554
T50808,0.048014536
T40940,0.0003451
T42470,0.84955084
T43676,0.103878565
T53221,0.04934815
T31424,0.002683612
T40751,0.17241073
T56256,0.0029921501
T38133,0.018539315
T57541,0.3042639
T54173,0.04027808
T31887,0.0015577675
T52735,0.05628969
T32558,0.0009984995
T57139,0.010061308
T45575,0.015159534
T57865,0.00156308
T42657,0.043687124
T56838,0.010410357
T41428,0.007969014
T32075,0.09599482
T30700,0.004127828
T49466,0.017440924
T30048,0.0013174383
T55239,0.01831108
T50308,0.0017648006
T37079,0.007626698
T54888,0.0034653922
T40298,0.45804095
T41757,0.10555678
T43068,0.14968151
T57413,0.051183894
T32732,0.067665346
T31557,0.039194092
T43425,0.0019950466
T58130,0.19103026
T51505,0.02706239
T34875,0.0115620075
T49368,0.018863844
T57711,0.0024345766
T47932,0.009887443
T49189,0.2738693
T30944,0.003393687
T41471,0.042039886
T34326,0.016784279
T55302,0.0012728343
T32154,0.29546806
T38644,0.044227757
T55824,0.10802856
T54518,0.008766429
T34903,0.7085648
T40821,0.0053442265
T54663,0.007940965
T34861,0.029503543
T38401,0.22165368
T34960,0.03855071
T54996,0.00782089
T32953,0.61168736
T47090,0.0012319279
T31354,0.14417277
T45783,0.0037663905
T47752,0.06734886
T53180,0.057783436
T41640,0.010966386
T32358,0.005110998
T41474,0.05474921
T38319,0.061725885
T41609,0.0038688895
T35034,0.069032535
T44874,0.75659883
T31349,0.008893999
T47965,0.019414378
T53800,0.039093345
T54450,0.0846404
T48491,0.0014391245
T35494,0.07631031
T55055,0.26128843
T39496,0.024471907
T52154,0.00045218223
T47035,0.00072480267
T31279,0.00871519
T42779,0.5225876
T54661,0.2462095
T55883,0.0026906226
T42561,0.14818887
T44281,0.29198295
T56804,0.0009798389
T51713,0.0050275694
T43297,0.00065401907
T55648,0.041165028
T47897,0.09868709
T36832,0.30489597
T57839,0.3976214
T31024,0.031670813
T47641,0.0028215365
T34523,0.6340117
T57366,0.0003596941
T39898,0.3453024
T38404,0.00035105937
T42092,0.0023865348
T38300,0.031481296
T47091,0.04999537
T49546,0.0031225798
T50125,0.18088429
T55041,0.024413792
T37044,0.45549792
T46956,0.00775924
T54276,0.36914808
T37943,0.002091348
T48728,0.45382646
T42652,0.05308428
T56378,0.0030844004
T36869,0.73778003
T56681,0.026061041
T38417,0.384706
T38658,0.26541582
T39939,0.016497185
T35974,0.004707827
T44736,0.019380605
T42701,0.013683253
T42344,0.0674306
T51637,0.31282714
T54402,0.0033621134
T44435,0.0037596587
T37030,0.027646238
T44564,0.0023900794
T56413,0.01557912
T46472,0.06980144
T30987,0.0034451378
T39158,0.28855503
T41921,0.2662025
T53678,0.4728138
T35160,0.088009745
T37656,0.33349666
T40790,0.01808775
T54028,0.5259892
T57179,0.3985533
T39888,0.008655169
T45834,0.06295957
T31775,0.00033054862
T49011,0.0415242
T36539,0.7446963
T38435,0.33107597
T45092,0.073629774
T44842,0.061460175
T41677,0.0085935015
T55369,0.0007691779
T52839,0.21496134
T32438,0.022675391
T52568,0.15349309
T39751,0.0012624887
T53927,0.0005497943
T30879,0.050127957
T52122,0.38103497
T32479,0.008404716
T57724,0.34512666
T42329,0.076222375
T52029,0.1284427
T39968,0.14205877
T41532,0.009268395
T50147,0.0030080173
T31355,0.0035699867
T52825,0.13106295
T44827,0.56432986
T53269,0.08402072
T31693,0.059816822
T31170,0.0025999893
T48579,0.00010643029
T47065,0.0023053447
T33053,0.00034426848
T44896,0.022570916
T36582,0.013310579
T35854,0.011003416
T53156,0.24680123
T50506,0.02190517
T42144,0.66741276
T38626,0.012552313
T43770,0.64398915
T46897,0.57183605
T53491,9.149251e-05
T43810,0.098512344
T58037,0.05831581
T31831,0.0013074259
T56118,0.0023468917
T30883,0.0954277
T54546,0.07082114
T38335,0.0012993278
T42955,0.018104052
T41615,0.005237199
T33659,0.0031775017
T50108,0.07786863
T44189,0.00081878674
T40369,0.0049597076
T34019,0.0467058
T46134,0.00039343926
T36305,0.004978659
T45912,0.0007272436
T38166,0.2997275
T32138,0.17133379
T54772,0.28885028
T41753,0.0032074922
T51353,0.0024532636
T38136,0.0020927587
T49215,0.0007630221
T48835,0.0006189343
T40310,0.11844419
T46529,0.16969986
T35116,0.3008088
T32810,0.016398495
T48572,0.054293394
T42088,0.011260678
T54725,0.0002529098
T35936,0.022146432
T50502,0.053832773
T52485,0.3916711
T39907,0.057824485
T52110,0.23204799
T55333,0.0043229023
T45216,0.36794066
T50986,0.0026671777
T40928,0.0151547855
T41270,0.00026648297
T30186,0.1462036
T41231,0.0012828576
T48445,0.01921855
T44314,0.0009787929
T46647,0.0006297871
T57311,0.12315377
T55997,0.009166508
T47205,0.0028236988
T43531,0.009594806
T43223,0.4212488
T38527,0.13629787
T42902,0.25686932
T46090,0.0029402003
T45434,0.015177926
T48848,0.55353564
T57669,0.0036971644
T37512,0.0033317395
T56585,0.030832052
T38831,0.001384556
T52892,0.37192273
T50483,0.03262759
T54579,0.28836805
T54830,0.0047048656
T52260,0.3920607
T49682,0.0036477072
T47716,0.00088365696
T56426,0.014437963
T38181,0.012661777
T35563,0.01923707
T52196,0.059265047
T36016,0.0042591793
T49371,0.0037212898
T44018,0.20700859
T37720,0.029668031
T56307,0.00023969555
T54567,0.36429158
T55553,0.0031047373
T35572,0.00077120686
T50532,0.51394147
T36850,0.092188455
T32650,0.00075297424
T43466,0.0026873986
T36030,0.17921637
T33688,0.006982484
T49204,0.00035485186
T31009,0.012516358
T42143,0.6768859
T53682,0.0036295473
T36130,0.4611354
T54814,0.055571184
T47901,0.00139581
T53255,0.0044133845
T37039,0.010540682
T36526,0.08331352
T32237,0.12546156
T55769,0.038749773
T52490,0.04455616
T55287,0.0026426115
T42589,0.003056102
T54962,0.015819795
T42690,0.55037236
T33271,0.010367682
T53403,0.0019012658
T53616,0.051702514
T31549,0.024759592
T38571,0.07632974
T41744,0.00056107243
T46608,0.0008866696
T44697,0.32075575
T55817,0.004756186
T51537,0.004799153
T45811,0.0019989316
T30066,0.022310736
T53396,0.27253264
T53048,0.33792043
T49043,0.0006813045
T35501,0.09095838
T40453,0.08169102
T42921,0.09180189
T35424,0.01427392
T48473,0.00034502204
T34924,0.19229613
T40354,0.1204479
T36656,0.0027135964
T45697,0.0024537258
T55694,0.0019527995
T42074,0.0011548261
T34372,0.02920793
T46143,0.007927509
T39359,0.004389745
T52202,0.00014356317
T38260,0.02308694
T32565,0.019778557
T47530,0.111035325
T45438,0.0045598047
T44589,0.63580954
T43848,0.00083995477
T42148,0.43217117
T44065,0.18916936
T50269,0.274568
T35256,0.0054058055
T33984,0.008044918
T50689,0.06706412
T37638,0.006275609
T44100,0.0003310857
T34457,0.1174193
T38759,0.13430734
T38756,0.049331587
T57091,0.0011239729
T51636,0.026872398
T40637,0.26598337
T34114,0.00097120367
T56304,0.001100233
T55792,0.3942553
T48147,0.029455358
T56143,0.00042439034
T53913,0.0029983474
T42640,0.00074845616
T33207,0.000738375
T41030,0.08048579
T52707,0.5327892
T53327,0.003641154
T42883,0.025433147
T39948,0.4753693
T57575,0.0005778703
T33994,0.04015948
T54656,0.22503683
T48595,0.012818649
T45138,0.10589364
T37046,0.12625867
T41162,0.03278349
T55449,0.022899233
T31452,0.009354255
T35764,0.07614452
T47844,0.0093616685
T35426,0.4864326
T31540,0.45355645
T47376,0.017961321
T36821,0.0009984105
T43504,0.00369299
T33481,0.014539596
T31171,0.2194794
T53306,0.30141413
T54220,0.028029311
T37789,0.05661951
T54224,0.23672971
T58014,0.33577976
T52731,0.074764736
T49013,0.003058465
T31095,0.12462929
T44934,0.015570836
T34090,0.0066442685
T47043,0.002443072
T48067,0.032878224
T37600,9.4758085e-05
T34690,0.002509818
T52605,0.019794133
T51208,0.00076552277
T31687,0.37927786
T47531,0.0006148756
T45534,0.00026132807
T51700,0.67185646
T44038,0.00030990003
T46540,0.18704297
T46095,0.00059629953
T51185,0.008286729
T54221,0.0004195371
T33998,0.039742216
T35286,0.5769108
T49914,0.008815303
T58062,0.5329299
T53549,0.0054306225
T46717,0.2910253
T45464,0.078056835
T40466,0.34810144
T40079,0.0018710215
T55785,0.007683109
T37743,0.10939268
T54711,0.0051614027
T50982,0.0020876334
T52934,0.3574842
T48322,0.03377616
T34792,0.16423354
T41613,0.004196298
T43135,3.347577e-05
T31874,0.020465543
T57170,0.032259945
T34728,0.0070422795
T48379,0.004285564
T53721,0.02283986
T57133,0.25541466
T37813,0.032821514
T34979,0.02274711
T43295,0.024156464
T37825,0.0013001931
T43306,0.19990833
T53318,0.020530675
T40660,0.010283311
T48736,0.49438196
T58030,0.003993213
T35655,0.29469383
T42064,0.007522541
T35662,0.113970496
T53485,0.010580283
T47816,0.0078149345
T54749,0.71376866
T56022,0.00042747776
T41918,0.005789337
T30246,0.31462258
T54005,0.099135615
T37944,0.28018135
T53640,0.0018357036
T34689,0.045087907
T53037,0.026146274
T31386,0.017609157
T30422,0.00037666337
T39894,0.7949038
T45517,0.006816781
T35918,0.23174784
T47394,0.00048599616
T44759,0.004946202
T46049,0.0012372932
T31965,0.00059816235
T35059,0.666171
T39286,0.0114032775
T54197,0.014972361
T51414,0.0030555993
T37970,0.29012063
T49173,0.3243806
T40879,0.03759089
T42341,0.1253869
T56806,0.008084686
T57292,0.33366203
T31312,0.5639549
T55080,0.034713153
T40775,0.0024472324
T48919,0.013920787
T50274,0.015582132
T41291,0.59685683
T48423,0.010748839
T35702,0.10024813
T56614,0.09439039
T33484,0.0027070427
T45619,0.05320814
T43696,0.0062679243
T49089,0.0014382716
T47569,0.311673
T32533,0.05841701
T50356,0.0010757836
T42501,0.0057025724
T54289,0.006492528
T35894,0.04345747
T56164,0.25978252
T47832,0.11023156
T54255,0.0013999928
T42472,0.24087338
T44551,0.021982566
T49923,0.859621
T47845,0.052268956
T40747,0.3279237
T47343,0.0028249384
T39425,0.0034504004
T41520,0.13244356
T42624,0.43589622
T50480,0.005547086
T41570,0.0010099192
T36229,0.107627116
T31927,0.00068597787
T36308,0.065847784
T43073,0.019994423
T33884,0.38938513
T34530,0.0074765324
T33356,0.0077162953
T35793,0.037241336
T56093,0.43452305
T33582,0.104461536
T46144,0.6302475
T38981,0.0076979124
T51242,0.0116946455
T55200,0.004261752
T45746,0.5864643
T30957,0.018309778
T45693,0.04042624
T48997,0.09950541
T50787,0.030880284
T52806,0.0037836363
T46921,0.6620768
T36981,0.080526635
T56673,0.33687833
T47523,0.0034293921
T32022,0.0024640874
T32390,0.016123587
T35399,0.08108968
T48754,0.07636023
T44469,0.22185093
T37799,0.015893036
T33833,0.48599645
T40771,0.054839868
T47014,0.6614441
T36673,0.003537217
T52215,0.0010176857
T52627,0.77430034
T37336,0.0044153566
T49255,0.0074463184
T32800,0.0008170674
T55647,0.07849767
T50914,0.0022675034
T47470,0.3236058
T56982,0.003313597
T36386,0.113319725
T51248,0.05633273
T35353,0.3204886
T38276,0.0144261
T35951,0.05624861
T42163,0.025455203
T54817,0.033435717
T34515,0.0025568362
T47536,0.001535611
T49218,0.0020800706
T56823,0.62128043
T46435,0.0012495524
T41193,0.015905533
T41803,0.0026226367
T55534,0.028771
T33726,0.083349705
T53444,0.0020685734
T33013,0.0018315903
T45242,0.6651829
T38469,0.05055237
T36418,0.0055754525
T33020,0.0056849476
T56683,0.0050347494
T43952,0.03905798
T41214,0.50563675
T50956,0.003169656
T47599,0.0014485781
T35950,0.0041501243
T47173,0.16562685
T31676,0.0007326552
T56117,0.005681609
T39407,0.22092065
T44618,0.5799859
T55290,0.0017899479
T30585,0.0026185252
T47848,0.002212161
T48686,0.032207318
T39542,0.03162082
T52054,0.0016353943
T31328,0.042964008
T54008,0.110241994
T40597,0.011064221
T30380,0.41036004
T37758,0.01682221
T41564,0.0022151826
T33453,0.024678819
T35114,0.047978528
T48113,0.03128483
T35708,0.004221545
T50606,0.005096899
T51655,0.4069053
T52871,0.0018345508
T31164,0.04239623
T33846,0.017007856
T30166,0.0011621702
T42473,0.047372103
T43664,0.047607318
T40437,0.14374092
T33056,0.0020903163
T34684,0.06834423
T47259,0.5438192
T50252,0.02549409
T45580,0.5964901
T49060,0.02304673
T42641,0.0035566925
T36317,0.029213876
T32556,0.09370142
T49809,0.0001387086
T47242,0.106680416
T56931,0.002008576
T31041,0.002094502
T55573,0.016674388
T51177,0.020457705
T56989,0.8244201
T36954,0.0009423206
T41555,0.33616823
T40541,0.6730659
T53962,0.059236366
T49353,0.0005562293
T33794,0.09566315
T40824,0.0076516797
T57087,0.5027843
T32214,0.00073538604
T35540,0.0021545547
T32794,0.0035760473
T36705,0.18171963
T37644,0.08037833
T41560,0.5929623
T57844,0.0041817594
T57654,0.3389748
T51027,0.00060890586
T48441,0.7051659
T57422,0.0009513688
T55146,0.044050768
T48316,0.0009860566
T30244,0.24391972
T54216,0.0026925004
T42106,0.008502013
T37680,0.012166852
T47313,0.03580003
T49493,0.0055507515
T53207,0.004612159
T37370,0.0023685927
T40221,0.026856175
T50535,0.32576802
T50437,0.2587285
T53022,0.0010922847
T40795,0.0035303144
T30439,0.010381551
T50067,0.005869321
T56422,0.0038716048
T35635,0.082452044
T36703,0.013891702
T38428,0.04490739
T42156,0.029524319
T41245,0.0220565
T48801,0.00058040005
T38257,0.555682
T34533,0.007842914
T43684,0.8090527
T44639,0.0021448734
T35054,0.003418364
T34168,0.0013884546
T45460,0.27450573
T38302,0.0063779233
T38844,0.47960633
T33867,0.5264408
T39503,0.584005
T47512,0.20073123
T52502,0.82910687
T41363,0.010042025
T52332,0.01994809
T48729,0.060049027
T30622,0.011179933
T57606,0.00067212764
T47315,0.027250811
T51124,0.7560672
T30482,0.00888752
T56607,0.0020403846
T45957,0.23064744
T38810,0.31368846
T55482,0.22713244
T48951,0.015324332
T43153,0.00019528328
T46566,0.007610193
T32112,0.0040780627
T51039,0.00055067276
T43201,0.38121393
T56094,0.0018011781
T46439,0.0025353404
T55550,0.07630318
T58096,0.0034934378
T49963,0.0040494525
T47176,0.08831891
T41431,0.0019807373
T33541,0.54201853
T44681,0.09690471
T30358,0.03113637
T48389,0.008116567
T48726,0.008274078
T51466,0.071224585
T30281,0.3501529
T48415,0.025298532
T46769,0.17869106
T57134,0.3855042
T42978,0.0019662357
T42010,0.023827743
T33899,0.02039737
T36843,0.04251666
T39689,0.0008066327
T51894,0.007755166
T40051,0.23355472
T38891,0.41026375
T42407,0.0004945184
T36965,0.018777646
T44789,0.84110975
T41202,0.37000942
T41189,0.46721166
T48155,0.014060124
T46186,0.0008189904
T47658,0.003515998
T55536,0.39063463
T39060,0.11961195
T44644,0.002377954
T35622,0.5619489
T41784,0.0028942283
T52221,0.00016056694
T32376,0.012476991
T55813,0.005360997
T40266,0.12996715
T44840,0.0022714399
T50335,0.001573934
T47152,0.5539874
T46139,0.13052124
T57276,0.0029010093
T47935,0.005190247
T37857,0.0066333595
T56972,0.0028737807
T50449,0.0010574753
T49571,0.04118564
T36284,0.00023980961
T53234,0.006342163
T55854,0.012574122
T33848,0.3551041
T44019,0.7242087
T47407,0.10229967
T55750,0.02991268
T31067,0.005338676
T34818,0.05953779
T39173,0.43112895
T40357,0.0103446245
T53928,0.44293535
T39265,0.73246205
T39866,0.2697076
T36611,0.3600868
T30998,0.54006255
T45733,0.009702674
T34660,0.0031086332
T35930,0.79648787
T30603,0.012640936
T40472,0.0036414687
T54953,0.0027793255
T54396,0.14581701
T37614,0.0035531705
T50705,0.0025143896
T56292,0.017002396
T42046,0.18080178
T44348,0.6640043
T39845,0.53247607
T57101,0.008309277
T37272,0.44122642
T46892,0.021880236
T48159,0.0014165571
T53759,0.0020038576
T35668,0.0034129007
T38776,0.030512284
T56110,0.016274637
T32561,0.7195752
T48294,0.068248846
T47168,0.0023424102
T38824,0.015068664
T42311,0.42634624
T31539,0.049667727
T53576,0.35788116
T38151,0.0023500882
T49556,0.25894362
T38179,0.0124012
T36054,0.0059267385
T39864,0.07287311
T38838,0.0023580033
T31405,0.14640391
T34780,0.33600292
T44725,0.043482564
T44261,0.35252526
T56534,0.0012111057
T30715,0.08092036
T32451,0.046579305
T36434,0.012359931
T45036,0.0072317063
T48222,0.74225986
T36771,0.06455237
T37957,0.7407862
T39429,0.015597648
T47913,0.014250578
T40009,0.0027643025
T32970,0.06853527
T55267,0.005273011
T46725,0.2667672
T31593,0.030489203
T52216,0.013841462
T54296,0.31198263
T34132,0.00038551746
T48656,0.8093909
T33612,0.14047752
T36939,0.11956912
T47692,0.001499026
T49111,0.022495948
T36555,0.0028534173
T33410,0.12564029
T52632,0.015877912
T43379,0.008588461
T45699,0.0046176133
T54520,0.08632656
T39201,0.0007628288
T44083,0.020143706
T47262,0.173398
T30540,0.03873507
T49149,0.26392
T56605,0.056850847
T34931,0.0017768194
T58059,0.0016409883
T45547,0.13448267
T41565,0.0025568414
T56268,0.2905554
T41674,0.20141207
T37014,0.25572047
T47267,0.00031540653
T57749,0.010318638
T47723,0.06467596
T36780,0.058145225
T55045,0.0003249209
T44611,0.00095086993
T44333,0.0013956279
T31850,0.20250975
T56334,0.00015900028
T44518,0.020358218
T48229,0.65233874
T50543,0.42568117
T51269,0.46835744
T40619,0.0007191491
T42845,0.023887953
T32660,0.16411968
T33127,0.029495988
T41537,0.0016224039
T38733,0.006078804
T37330,0.16826129
T48547,0.017337546
T39461,0.02822686
T47647,0.288624
T48434,0.0041497243
T33203,0.0063796253
T52595,0.81286865
T38813,0.0461433
T32972,0.047714587
T42861,0.052229665
T36521,0.0013396001
T45057,0.040482502
T46874,0.011867616
T53620,0.011566182
T42915,0.0016076388
T40584,0.5155149
T33288,0.09562612
T49131,0.012850639
T54566,0.031616285
T38052,0.009231111
T32506,0.003128014
T44127,0.0013839218
T52489,0.22982836
T40853,0.039093345
T57519,0.011088221
T37810,0.0022028983
T56390,0.057668507
T53691,0.015490443
T55415,0.040664583
T31596,0.15982035
T31656,0.808236
T39292,0.082415655
T38471,0.022337293
T36231,0.012422423
T38077,0.04101838
T34949,0.028100621
T53825,0.049228586
T36484,0.10126396
T38129,0.0060419757
T54302,0.4870872
T38811,0.0035588834
T30173,0.00042564247
T41720,0.41215545
T42248,0.011241809
T31828,0.00048987765
T51905,0.7497022
T34252,0.0015565812
T47805,0.17356691
T52661,0.0035580937
T30315,0.15913282
T35984,0.009985785
T47140,0.0026529648
T57818,0.040781055
T46779,0.00019015459
T41869,0.0008991538
T32335,0.0012571927
T57586,0.0042589386
T32982,0.0025252337
T40865,0.5597936
T45720,0.0077508013
T48631,0.055794362
T41568,0.14760624
T48071,0.07468231
T43468,0.45995355
T51789,0.0550336
T38809,0.0013523239
T46289,0.07766082
T49079,0.002614062
T37331,0.5358705
T34996,0.011141618
T38521,0.33019066
T37653,0.00114815
T43631,0.004301005
T32776,0.0068968325
T33923,0.0025692617
T50779,0.0006232594
T54356,0.0011008742
T52588,0.002883874
T53292,0.037488725
T41740,0.003600194
T55959,0.31203046
T34895,0.04643951
T44459,0.039962042
T48461,0.016463982
T51708,0.00950159
T39409,0.0043745353
T34145,0.16094089
T43882,0.064649135
T43933,0.004717321
T41102,0.0143728815
T54460,0.7265149
T50300,0.0014998885
T40457,0.011566902
T35754,0.08503271
T57589,0.007475672
T44494,0.07234145
T53225,0.08625226
T50948,0.23077235
T39840,0.09399262
T37871,0.13781403
T35457,0.428397
T57634,0.002009207
T50254,0.0018583518
T54846,0.56830406
T57195,0.0003951346
T31742,0.0032267713
T56466,0.025811259
T37779,0.0014611614
T51410,0.3797824
T49895,0.39074174
T41159,0.0017643496
T55231,0.0054981452
T49226,0.004544994
T41051,0.034025587
T49460,0.32580224
T43484,0.0051675644
T44629,0.006896483
T58038,0.23206167
T56577,0.0014563965
T35287,0.00427592
T39116,0.0010835666
T51854,0.016430598
T30506,0.2103451
T44262,0.058070596
T55714,0.0026395305
T43584,0.0030989354
T32731,0.07336566
T41942,0.015591892
T41307,0.48205104
T45200,0.109276295
T47771,0.0017749689
T42321,0.15348168
T47701,0.041864496
T58020,0.46293595
T46025,0.0037928103
T48824,0.6824129
T56938,0.0005926049
T41355,0.006259916
T34661,0.019644527
T31544,0.0044532986
T48865,0.0148808705
T53122,0.000240072
T37861,0.011445751
T30924,0.002561865
T47535,0.04663151
T55384,0.0004813147
T47799,0.0030062431
T34371,0.011979624
T50795,0.023983942
T34951,0.05160649
T55401,0.0033867015
T56482,0.0072207083
T35431,0.6760069
T55930,0.007198533
T40754,0.0006727518
T48687,0.31700233
T30338,0.0002524889
T44959,0.016197506
T51812,0.00089979696
T39938,0.14956109
T48809,0.0040199077
T44604,0.008462575
T35900,0.0063658385
T53654,0.00088388263
T56383,0.0023291903
T47239,0.0019292883
T53727,0.0048844507
T55709,0.0001590547
T53193,0.5527124
T53523,0.0029608659
T44001,0.00066077703
T54354,0.0007911387
T48010,0.010155795
T48630,0.0059967875
T46479,0.0042221243
T40205,0.18211381
T38418,0.000502897
T46531,0.0010468354
T38525,0.74973327
T30704,0.06290167
T36463,0.01310313
T40531,0.011163304
T41501,0.0008114023
T57822,0.025302177
T30823,0.004369054
T56414,0.46529454
T43324,0.00832112
T54876,0.76304674
T35775,0.33096048
T51532,0.16404
T40141,0.0017663386
T52390,0.024615807
T50578,0.016317641
T42879,0.055218697
T36240,0.01323496
T48783,0.015451666
T48228,0.08219828
T36921,0.35043272
T30391,0.2868671
T30133,0.11126985
T50459,0.029622203
T37206,0.0014456318
T57726,0.00081339414
T54557,0.0118214395
T54497,0.36890113
T43039,0.0021736224
T55986,0.0019275335
T45890,0.0006367499
T58158,0.015867237
T55024,0.0046115024
T31753,0.00031319994
T47648,0.009269594
T56480,0.0017995182
T44376,0.0034081342
T36920,0.530599
T48987,0.6049095
T47491,0.08379254
T35753,0.0057858117
T53924,0.53354025
T46324,0.09801156
T42493,0.05210363
T32442,0.011238094
T40553,0.005138906
T49212,0.6933642
T52455,0.053199183
T33770,0.019638536
T42085,0.4266356
T55740,0.002588202
T53450,0.19369985
T32779,0.0034366776
T31048,0.12307077
T36467,0.25339547
T58202,0.2093745
T34970,0.004035555
T32357,0.5975645
T37487,0.2491403
T57604,0.0096309595
T40103,0.026355224
T39970,0.7082509
T54496,0.100218944
T49023,0.056212116
T36544,0.09310144
T56934,0.001070948
T43907,0.044518206
T52282,0.034176376
T32117,0.051105566
T55447,0.3482162
T53408,0.51584667
T49106,0.18436678
T34313,0.10505523
T37565,0.008629222
T39766,0.002837713
T38372,0.0066452944
T47854,0.05707363
T31169,0.003126581
T57727,0.00065310276
T54586,0.0002579983
T32175,0.0040361565
T30346,0.045564726
T48790,0.33892167
T32857,0.0050699944
T38030,0.6100789
T49758,0.024786377
T33175,0.044710636
T57178,0.0019630091
T47411,0.13508888
T31107,0.0017587024
T54762,0.00060888205
T49512,0.0017781503
T55908,0.020721568
T41676,0.1537414
T52480,0.00040447438
T55185,0.0002617033
T32780,0.20259798
T48534,0.28661692
T45060,0.038614154
T44735,0.0020282306
T32066,0.047669914
T51441,0.056783874
T54239,0.05902937
T36637,0.008474181
T43311,0.50782484
T37178,0.0048656506
T37333,0.0036795961
T40648,0.39599106
T56602,0.0030133172
T49834,0.024803143
T51046,0.022684254
T55569,0.009986841
T34185,0.003774881
T51656,0.0023361826
T55543,0.0006962054
T40418,0.003959089
T35575,0.06222529
T34446,0.67150694
T49693,0.24355681
T51364,0.0031993582
T39937,0.00072533987
T46661,0.0025242537
T53340,0.005689275
T40602,0.5067219
T45498,0.004289725
T54368,0.0005774937
T53084,0.5931806
T43599,0.023733111
T48639,0.0017160755
T55742,0.0062730024
T34856,0.0016176786
T48151,0.7883433
T50032,0.0026429687
T35591,0.09432856
T44995,0.6017347
T57136,0.01829245
T31436,0.02636583
T44963,0.82428294
T44981,0.038836237
T43344,0.10978549
T43348,0.0026768248
T38065,0.015307253
T48206,0.001795174
T50301,0.012553322
T48376,0.006163536
T40182,0.66755366
T32399,0.00022676472
T43643,0.29469892
T30020,0.0063311895
T30395,0.7476171
T52086,0.021841016
T46798,0.00786292
T49010,0.00039732485
T52218,0.0021189868
T55489,0.0019844538
T37430,0.0026820174
T40388,0.013003803
T31636,0.20477079
T44208,0.0068015535
T52050,0.043514244
T31411,0.5124695
T56409,0.06891184
T58175,0.012162148
T32791,0.22311872
T51834,0.0973545
T30117,0.031094123
T44408,0.0136179915
T46030,0.00051098946
T33084,0.10370582
T41849,0.0024167935
T44303,0.00018858822
T51987,0.0034160255
T42505,0.005635821
T40756,0.0018274358
T30354,0.00043714602
T50448,0.0014636724
T48484,0.013122981
T46590,0.19395968
T34865,0.561424
T45515,0.0066318708
T52901,0.0006941199
T51330,0.0011066092
T54710,0.0302363
T39128,0.012877506
T54738,0.0014383367
T50115,0.33224523
T48723,0.0023601758
T51484,0.6219634
T44016,0.6429024
T49572,0.03586515
T52864,0.10805715
T44687,0.76309836
T35025,0.048467726
T45320,0.019889984
T34565,0.011880524
T54932,0.15889575
T44785,0.118038885
T32108,0.0016532061
T33976,0.11942542
T52125,0.17110512
T45658,0.18526945
T35703,0.35327548
T39167,0.0004909285
T39646,0.022996208
T53942,0.023162263
T53219,0.03894372
T49950,0.357847
T38479,0.006211377
T56165,0.052815653
T47294,0.11827188
T41965,0.4414187
T50004,0.11886439
T44630,0.030544896
T38739,0.04569388
T56330,0.38565305
T30339,0.07504839
T40939,0.39348873
T42759,0.038028393
T30756,0.069277525
T33036,0.008578682
T37081,0.28008705
T52687,0.0045984862
T56234,0.0022719176
T41168,0.11696025
T36835,0.2138262
T52862,0.000343809
T42427,0.0024733818
T42202,0.021040346
T38535,0.00033023267
T44859,0.0024367836
T40074,0.61373097
T52703,0.018267976
T42401,0.013546307
T57968,0.33121127
T46394,0.016962968
T53061,0.5249385
T47838,0.023843983
T43602,0.015316556
T30318,0.013300563
T40893,0.032684136
T32931,0.00851778
T36775,0.0036680312
T33903,0.0041727163
T36772,0.5317697
T32948,0.044997606
T32364,0.095325924
T45277,0.03939584
T43403,0.0009644824
T42988,0.5991158
T57058,0.06854329
T43481,0.015556167
T44165,0.0042643533
T56171,0.0018131238
T49911,0.39180264
T40668,0.63194597
T53426,0.42033607
T56691,0.0028538583
T50116,0.4873174
T36542,0.009562709
T53062,0.0011735053
T58139,0.092706144
T55781,0.030460173
T52601,0.10713325
T32609,0.008524081
T43618,0.19256327
T43381,0.03763252
T31859,0.050778564
T53047,0.3337241
T52726,0.021715458
T54602,0.22922973
T35661,0.0954615
T30995,0.017977832
T38531,0.036277834
T43580,0.0007434308
T51979,0.0053550275
T54556,0.12407143
T46106,0.017657155
T56703,0.00024297442
T57650,0.13932838
T44134,0.002980354
T44180,0.00029541473
T52983,0.10683254
T37489,0.00025515258
T36318,0.0014986634
T37022,0.04276
T48861,0.30107445
T37310,0.0021919133
T53737,0.0018917838
T56371,0.007684895
T46379,0.0038965512
T37010,0.19162364
T54521,0.014719067
T32527,0.0008369795
T30946,0.0093025435
T45444,0.13305007
T55152,0.10425045
T33664,0.63579667
T54813,0.005885662
T38676,0.00068537536
T56160,0.006315355
T41391,0.000770617
T55477,0.003940081
T56526,0.0011228037
T45190,0.5803063
T53382,0.025322678
T34624,0.001471879
T50549,0.11966561
T47979,0.0034406225
T53127,0.6395595
T42547,0.23919879
T39849,0.0019437623
T57524,0.00013897814
T32829,0.008728618
T43081,0.005361417
T52109,0.007757651
T51012,0.06034598
T43789,0.0001408475
T35248,0.0011297539
T37296,0.017365742
T44009,0.042506546
T40401,0.009906119
T38259,0.0006329378
T30863,0.18152699
T53351,0.50182277
T53120,0.0062082694
T40109,0.3301009
T41221,0.031589113
T49404,0.083766825
T54236,0.20624395
T33341,0.0071159415
T55075,0.0008833093
T35544,0.20199373
T57562,0.0033085663
T48346,0.0017575333
T50021,0.041811403
T31752,0.018806366
T47178,0.016828788
T33206,0.069479845
T56296,0.002108327
T56793,0.0013449814
T53045,0.0028970782
T48060,0.15594651
T50772,0.0073244353
T48909,0.0016323266
T56289,0.5789134
T31611,0.088741064
T55214,0.0010447914
T51867,0.0011477055
T46912,0.6698357
T55418,0.00060582935
T48483,0.023790807
T43665,0.04768266
T43968,0.001038268
T30279,0.039878912
T52656,0.58474165
T30970,0.0027129308
T30696,0.00087930623
T34022,0.38659304
T30018,0.30387288
T51770,0.111974545
T38567,0.01654125
T46202,0.00091960805
T54527,0.7842905
T40749,0.002258492
T47454,0.494744
T40658,0.003145169
T38323,0.15268749
T46128,0.0025611632
T41074,0.30472362
T54033,0.06453447
T51573,0.00029076205
T45748,0.019545265
T51978,0.13038032
T45043,0.70462906
T48845,0.0020973864
T33191,0.003913011
T37291,0.058091506
T57150,0.003965269
T54886,0.0011533223
T33712,0.06530462
T55894,0.3404052
T30152,0.54537725
T34245,0.0609122
T47154,0.0051157046
T41433,0.073109835
T33549,0.0054614265
T47314,0.00094201847
T37518,0.5565209
T43296,0.79736483
T52619,0.0013088444
T40674,0.002900877
T52087,0.0028212403
T36997,0.025397148
T39786,0.17687725
T46609,0.00016807787
T51771,0.003412315
T54407,0.013723216
T43477,0.0148191685
T40011,0.33234352
T41088,0.0603901
T52572,0.002781975
T54093,0.0015401813
T45775,0.57800776
T49453,0.0009801367
T46102,0.57781214
T32880,0.0036050312
T42096,0.7673679
T32166,0.08939333
T57140,0.009609525
T40254,0.0015394372
T51147,0.1332013
T42939,0.002219149
T40346,0.0012550815
T49148,0.15035848
T35927,0.3744813
T41597,0.04684959
T49748,0.05633273
T53512,0.00017272778
T39958,0.00094012835
T30328,0.048887867
T55042,0.3928487
T36511,0.22616118
T49598,0.056539945
T51258,0.4501415
T32838,0.0026939963
T34385,0.17425224
T30005,0.0020932695
T56075,0.009399705
T43913,0.032360066
T54973,0.0988613
T36012,0.0020168878
T30258,0.19169585
T49915,0.0071142917
T34086,0.0005766818
T55222,0.35271475
T44123,0.00078878365
T55225,0.0089605255
T39964,0.0014633553
T33418,0.26770106
T48178,0.0020921612
T37390,0.73674744
T46533,0.008647431
T40950,0.063019864
T53657,0.06000068
T54835,0.012173891
T46765,0.00267662
T31153,0.00071202853
T41110,0.00034979373
T30130,0.0052848747
T30816,0.052546337
T35748,0.011586047
T49949,0.4533301
T41502,0.12519084
T33797,0.0020668202
T36244,0.01801554
T47360,0.08692943
T30496,0.028551789
T35536,0.003624784
T42634,0.037140783
T39205,0.0025504576
T57444,0.0028349308
T37301,0.35678118
T57779,0.00054942
T51767,0.0006696928
T46158,0.002444697
T35175,0.0008251506
T34055,0.19141394
T31923,0.33579615
T36243,0.01077454
T46101,0.048142124
T44826,0.18410742
T49232,0.2710012
T49986,0.0017738458
T53267,0.629162
T48354,0.046400324
T42910,0.0012699722
T43954,0.0036455365
T54455,0.03879701
T39442,0.0008683487
T53092,0.07592173
T43888,0.30278945
T39447,0.046121698
T50231,0.16211006
T51311,0.0048656715
T46651,0.027743896
T49513,0.08562643
T54287,0.019138783
T39774,0.004398018
T52498,0.68849075
T47312,0.011258995
T52629,0.0026788446
T33676,0.0010604337
T31821,0.0033391344
T43514,0.0041633057
T35705,0.0039699012
T47551,0.0022688834
T35986,0.046778735
T47779,0.054687794
T38155,0.24201088
T54451,0.02611598
T42518,0.5904601
T36896,0.39158663
T38916,0.00083613966
T37092,0.0063249017
T39952,0.00078659446
T57931,0.5004585
T42784,0.09741674
T42499,0.19003378
T55513,0.35910764
T35991,0.005665154
T40230,0.077332824
T33108,0.015579924
T37350,0.58845127
T50899,0.0058767684
T43586,0.05541655
T30119,0.05460458
T40196,0.059977233
T47759,0.0010019075
T39883,0.042887453
T40252,0.009987063
T43402,0.46371752
T39391,0.21586125
T44999,0.14793335
T48106,0.5328038
T35770,0.61770135
T49647,0.08032067
T35080,0.0028704405
T33708,0.129744
T57798,0.10883974
T46248,0.0011805079
T34336,0.001381091
T50472,0.28041562
T30721,0.8093909
T36034,0.010074243
T45845,0.007708906
T30889,0.28476292
T54761,0.6416359
T56667,0.0012037754
T49784,0.0014703597
T45747,0.04887541
T51267,0.0013472838
T40033,0.6219634
T42084,0.02069517
T33041,0.0071318815
T53326,0.002347487
T44294,0.0057904795
T36196,0.00394506
T42124,0.0053122756
T54068,0.0062659318
T50536,0.090604335
T53559,0.0035839363
T40113,0.3500559
T36002,0.036316257
T49549,0.024988508
T34643,0.0050121555
T45385,0.0046262564
T55799,0.042352
T50580,0.07738125
T56715,0.007900285
T31798,0.5964901
T47563,0.008385924
T37700,0.03945987
T53367,0.010397352
T44223,0.008620942
T42366,0.0005103496
T47150,0.0007796104
T35509,0.005935687
T46242,0.0013596662
T37900,0.038740955
T53136,0.016176935
T47747,0.37589878
T43817,0.3325327
T31678,0.00052818353
T46311,0.17739423
T48963,0.011034746
T40943,0.08261693
T43717,0.0016648957
T33065,0.0044408664
T53794,0.017411824
T35762,0.0004654355
T41989,0.30307227
T33686,0.0034092986
T49749,0.01770043
T51285,0.0007825628
T34000,0.0018798119
T50236,0.23042198
T41123,0.010876416
T48684,0.0014328926
T40917,0.003131744
T32331,0.7971512
T30993,0.0005165878
T40461,0.0002605968
T51161,0.02225557
T57959,0.3178559
T57047,0.49771392
T55133,0.0009908675
T57957,0.0033655232
T56599,0.00037075632
T31786,0.0069446694
T51336,0.01694068
T38078,0.0021058554
T50008,0.7171874
T46996,0.002557363
T31789,0.33846197
T32212,0.60915387
T54310,0.007658511
T51543,0.021147335
T42820,0.038916815
T49620,0.010661541
T37628,0.3441544
T50774,0.010608763
T32259,0.45995027
T47689,0.06452253
T55154,0.011499545
T50658,0.029398317
T36551,0.16293938
T56198,0.0012277032
T44367,0.2978735
T44671,0.00077059015
T55247,0.7433882
T40860,0.02609934
T30525,0.0044516055
T57503,0.016400687
T55982,0.0008368643
T42142,0.00090612745
T32382,0.0032472275
T36378,0.024325633
T49798,0.00057639333
T39546,0.005503117
T35356,0.37432083
T52185,0.367508
T40593,0.009615053
T37673,0.7494838
T42435,0.41545185
T57106,0.043493114
T32435,0.059185687
T36653,0.00068833213
T40768,0.04509574
T33574,0.0031226599
T44420,0.4462977
T49271,0.51824504
T46204,0.5485842
T47751,0.301271
T57635,0.042179275
T41538,0.003117564
T41721,0.011070177
T46535,0.044118084
T43449,0.004221206
T49029,0.054843277
T37640,0.23014434
T51084,0.07921928
T52361,0.0019942096
T54079,0.0018190831
T41868,0.018420506
T53276,0.003386782
T48199,0.0010106494
T32359,0.0012836539
T31389,9.370058e-05
T33221,0.61704326
T46646,0.019741446
T53282,0.0010008723
T34483,0.004019885
T44616,0.2354079
T31476,0.0010434019
T34844,0.00037468487
T38280,0.0008634132
T55730,0.4703268
T42919,0.12642045
T44338,0.11166854
T46141,0.02989642
T37573,0.20111288
T41116,0.4567653
T49385,0.0021162047
T54659,0.011299675
T45753,0.00737365
T45596,0.015187979
T56596,0.0014024067
T57742,0.005191663
T56312,0.041076537
T39077,0.0009870139
T45852,0.0022870982
T34939,0.008525113
T40328,0.0009904135
T51332,0.73246205
T38050,0.0015052496
T32553,0.00105655
T36540,0.28393573
T36336,0.00082521973
T53592,0.093434855
T35647,0.0065713767
T45942,0.0045702206
T42929,0.023143588
T39397,0.020532975
T52372,0.0040018912
T58124,0.0008168911
T41935,0.02718634
T52059,0.67504865
T41579,0.51086116
T47490,0.021781994
T38071,0.000142017
T47072,0.04748268
T48476,0.0016186414
T53588,0.21908766
T34192,0.009958242
T41905,0.014422196
T53929,0.13203593
T53298,0.8254243
T50303,0.0051005585
T38032,0.19597445
T32903,0.02561062
T35093,0.0053775217
T37031,0.016345631
T55527,0.15433079
T43706,0.0026645116
T54213,0.0026548896
T31962,0.006752597
T38043,0.0014506839
T44078,0.001260317
T44701,0.119285084
T57933,0.012386753
T53933,0.083419204
T32241,0.0026671865
T54142,0.0032705057
T49284,0.51949215
T45808,0.49545226
T49065,0.00933489
T57258,0.38072002
T44541,0.38808903
T53610,0.03029798
T45629,0.0023481336
T54212,0.0006530159
T42821,0.17407225
T50854,0.0670592
T41983,0.003296628
T33950,0.00073252985
T34169,0.011190155
T30303,0.0009919717
T57709,0.0014085524
T51060,0.7085648
T36447,0.0024879412
T54988,0.03052648
T48051,0.017943466
T55672,0.46148223
T41164,0.25240836
T45478,0.00060139527
T32665,0.006762515
T40057,0.05629011
T39214,0.00056791946
T32894,0.7701016
T49687,0.17873727
T39635,0.02105792
T37377,0.19114114
T53380,0.3007874
T40911,0.00088528637
T31569,0.10846883
T42220,0.0018740427
T47665,0.00052020204
T30062,0.004147697
T46120,0.0010463768
T37198,0.014910405
T48406,0.46188605
T32817,0.10505523
T35849,0.37825942
T41641,0.0007509477
T33814,0.0059452187
T57980,0.079968244
T56532,0.0004656212
T41328,0.02854683
T46565,0.0040867208
T38842,0.0073855156
T34120,0.51378256
T36110,0.008865483
T55633,0.05169774
T50568,0.015273172
T39904,0.083797686
T41937,0.007135323
T30458,0.0059613003
T48197,0.10383909
T30534,0.0012615727
T37603,0.15279222
T49459,0.43251753
T37662,0.0005659496
T38047,0.006525411
T48168,0.09008129
T36900,0.26975083
T49374,0.0019611556
T41714,0.06575737
T53811,0.015070314
T42192,0.11762027
T42393,0.107891984
T33912,0.0016800793
T48158,0.104120955
T34828,0.0031029268
T31168,0.027782438
T38445,0.00016766282
T32717,0.33649746
T51176,0.0061099576
T51618,0.00084903283
T38945,0.029849071
T35380,0.29664868
T40454,0.009645561
T32568,0.041985516
T49637,0.0008935175
T31750,0.0018074327
T39139,0.017860578
T43636,0.015815238
T57972,0.00139103
T40213,0.0020155418
T32995,0.007599063
T49666,0.08666084
T36493,0.0013495783
T30950,0.103680015
T43646,0.38179517
T35585,0.2882399
T37889,0.21737526
T34334,0.26752853
T38537,0.6451721
T31811,0.0010473117
T30642,0.014417154
T41990,0.00092980656
T52298,0.0079439785
T34170,0.011016214
T47056,0.0110629955
T57339,0.0067452416
T58151,0.0039080055
T41452,0.0037695768
T54223,0.025084877
T37886,0.001416454
T53763,0.018052291
T35608,0.024198946
T37908,0.023664016
T38569,0.029457944
T47108,0.0030465354
T54226,0.0014566705
T49508,0.004407591
T54180,0.05320493
T30268,0.025422808
T52307,0.0024820005
T32696,0.0017797955
T48208,0.5737888
T39240,0.0062933424
T46534,0.6302475
T32580,0.0046748486
T33616,0.0035394647
T57375,0.38296077
T44744,0.00090845115
T37672,0.00034128528
T50314,0.24546163
T33710,0.17867161
T48411,0.0004972379
T34146,0.40046313
T39497,0.00060123793
T49629,0.00045284588
T32627,0.75686604
T30392,0.04702291
T55618,0.0005568667
T37714,0.029910544
T33681,0.022380091
T55491,0.0014116338
T38674,0.32271814
T58115,0.056866065
T55403,0.0017025213
T40289,0.00218821
T46728,0.00520834
T42016,0.06611611
T53941,0.0038333777
T53591,0.38214606
T44634,0.0031528447
T40014,0.021387568
T36756,0.10595174
T55870,0.000242068
T56178,0.008868253
T45613,0.009633453
T40459,0.00082278886
T57920,0.16803074
T49894,0.00014287721
T36766,0.08626253
T32734,0.019008355
T38229,0.03987866
T54519,0.0016098246
T43999,0.16459265
T53752,0.15716779
T34905,0.06752522
T36549,0.041774523
T41256,0.67048556
T49322,0.31986248
T30204,0.001291093
T54700,0.016337324
T30862,0.0014911146
T41508,0.0032094487
T50057,0.0012197584
T52709,0.0006895064
T56424,0.04913531
T56362,0.0007350175
T49940,0.41218436
T30230,0.00025584415
T41458,0.017186219
T40327,0.18331173
T49585,0.0009261068
T36610,0.010654194
T57242,0.0038368024
T54526,0.50312746
T50396,0.058657933
T31653,0.036688168
T49547,0.011697546
T44885,0.03051581
T57452,0.645479
T35483,0.0045053656
T31574,0.001120625
T41639,0.40087777
T49634,0.02667986
T55922,0.003251436
T41681,0.010748104
T47876,0.042255163
T40301,0.05526987
T31908,0.28248852
T38600,0.26551697
T43450,0.018604742
T48697,0.35360405
T58136,0.07094979
T46622,0.7247193
T48015,0.0037000182
T37585,0.002589389
T39207,0.41306278
T52469,0.021864576
T54459,0.12641712
T51977,0.0015612446
T32802,0.0015859455
T38799,0.027647264
T57997,0.0020490629
T33088,0.33078676
T51969,0.003419828
T32421,0.0024487146
T30634,0.010423088
T37843,0.0113448445
T48432,0.00036243265
T42962,0.003123558
T42346,0.0016830163
T48221,0.0004451244
T56132,0.0026178951
T57513,0.52018315
T40099,0.0019001159
T42319,0.05560166
T54073,0.017960817
T49216,0.025011994
T50685,0.26290107
T30751,0.67064345
T56125,0.000384993
T40686,0.0033494302
T57351,0.009773667
T41003,0.0019935102
T38691,0.01228946
T56714,0.001275181
T34632,0.3409896
T31489,0.056124832
T48658,0.0018987816
T42792,0.019667985
T50906,0.03077613
T57898,0.370664
T36807,0.0048969523
T34240,0.0115964
T38789,0.0063422355
T50842,0.21354243
T39696,0.07190563
T51434,0.00055034144
T47482,0.00024938656
T57649,0.71632403
T50970,0.00043283254
T44879,0.63451487
T30325,0.001850491
T50523,0.006059891
T41226,0.052992076
T34706,0.008375046
T30218,0.46185887
T46016,0.19629806
T34299,0.004556144
T39215,0.18095379
T35917,0.0015549866
T46592,0.38811135
T44371,0.13543901
T46460,0.026377957
T39851,0.21015231
T40211,0.025315065
T57915,0.0023230242
T56067,0.0011552849
T45583,0.0008102117
T54259,0.0027412951
T56302,0.007777611
T45416,0.0005195151
T49650,0.18465295
T47078,0.012382023
T32876,0.086339876
T50904,0.0014220949
T36559,0.0027661605
T44976,0.0057716263
T32634,0.0012814391
T39664,0.0016892867
T57394,0.0021057252
T32485,0.004195969
T57469,0.0023061298
T47158,0.0025509864
T34116,0.004203164
T51590,0.7724143
T53018,0.0059737093
T58174,0.6573558
T42539,0.002452334
T50885,0.60387576
T51471,0.6519395
T54260,0.001750191
T54706,0.5415557
T57940,0.0049239844
T43829,0.67952365
T51082,0.0170547
T35375,0.022652918
T49656,0.00035919982
T39670,0.4601196
T54680,0.0040565836
T52149,0.0005655263
T33908,0.0032407024
T55448,0.095527485
T31805,0.14107107
T36331,0.000577303
T41408,0.0020952397
T58017,0.011150379
T49454,0.014464667
T49308,0.0057419757
T43401,0.010418849
T56431,0.00011524736
T50260,0.0031453723
T40562,0.1884093
T36804,0.045741554
T42569,0.42049578
T43488,0.10031767
T38548,0.0011370102
T49482,0.1971886
T46899,0.6918413
T55083,0.0011391877
T37110,0.0010208071
T30772,0.00023363697
T53909,0.0015915555
T36774,0.0038711282
T45915,0.011926541
T50559,0.014716585
T36984,0.05291071
T32981,0.00031203637
T42224,0.5909882
T38925,0.08331199
T50114,0.030571789
T35531,0.36951777
T36820,0.13599111
T55305,0.08367889
T35757,0.016085055
T31760,0.019852899
T43273,0.052471306
T52420,0.029176481
T48122,0.016521443
T51521,0.027278924
T54539,0.06023783
T51938,0.22737974
T33164,0.00024134414
T37445,0.042262323
T30051,0.0020557314
T52598,0.0020687634
T48721,0.44386733
T42662,0.66145116
T38345,0.0033116622
T57052,0.0030309935
T38262,0.08618067
T48203,0.0032946342
T37991,0.052033413
T54207,0.01800176
T56547,0.22214435
T38509,0.0020203
T50498,0.004064231
T55686,0.019877452
T57035,0.0414295
T33641,0.09444378
T55662,0.26670825
T43645,0.22922973
T49022,0.012399944
T46070,0.002958361
T38853,0.002417565
T34892,0.008548415
T50867,0.011567719
T44689,0.008229658
T32443,0.8270498
T54461,0.0023443298
T36210,0.0070489882
T33163,0.48986745
T37041,0.4394701
T53467,0.004855295
T53419,0.00093321997
T51728,0.013182124
T35158,0.008298106
T34408,0.0175609
T39375,0.54155076
T53169,0.0073415306
T57395,0.002956241
T50292,0.09050541
T38338,0.01749565
T45215,0.0026763666
T55938,0.14018999
T31937,0.0010707139
T46461,0.27519515
T32772,0.0034928038
T51459,0.087705
T31258,0.025109652
T30109,0.0029075919
T45025,0.0002046214
T43442,0.5712864
T31639,0.07289322
T35828,0.0034243423
T47873,0.0018570925
T40599,0.4484419
T34782,0.03612801
T53099,0.09530869
T35882,0.047177557
T37557,0.0015776309
T55410,0.001411385
T37143,0.0017365862
T38701,0.013676311
T55809,0.002561888
T55554,0.0033731435
T30297,0.017892089
T55184,0.68061423
T42298,0.008722728
T55758,0.0015557256
T40228,0.0019042831
T31954,0.0021558816
T31951,0.00081864244
T31420,0.81651366
T48164,0.0006438424
T34462,0.0004928415
T53013,0.0039545414
T35558,0.2327437
T53750,0.23707873
T32606,0.009197842
T31342,0.0010399227
T38397,0.6878076
T52959,0.5864643
T30431,0.013217572
T44620,0.14596254
T34283,0.0019928291
T50784,0.011049491
T38109,0.004397538
T37927,0.13895404
T52653,0.27456617
T36976,0.0046262764
T32460,0.4658046
T44157,0.00088850054
T52765,0.0013419578
T46935,0.00043945733
T40719,0.003004936
T42416,0.66738874
T55587,0.0009892366
T46920,0.32595968
T46734,0.025276754
T56070,0.0026212751
T31089,0.00033773127
T53009,0.002481972
T57377,0.15764238
T33103,0.022174079
T46415,0.026364038
T55070,0.042283416
T55300,0.016611699
T57640,0.0023831415
T55173,0.059174363
T31691,0.0053902017
T55232,0.115710795
T50475,0.012156849
T33963,0.31678668
T43722,0.16590323
T50061,0.0002470988
T32418,0.42717704
T34510,0.0051217773
T57596,0.004758376
T45511,0.34602508
T47120,0.00042912687
T34748,0.017977664
T49461,0.16973
T35041,0.004290159
T34658,0.28789258
T49144,0.0029943106
T43203,0.0006505545
T41269,0.032379564
T53940,0.065273546
T49058,0.046750378
T54416,0.012779536
T49093,0.44246447
T39822,0.008271261
T38725,0.009421046
T33732,0.0039553302
T33973,0.012611588
T42496,0.16823083
T52770,0.004978522
T48814,0.6102617
T37892,0.0009256609
T33427,0.020797491
T53508,0.24302949
T39068,0.0025868989
T48542,0.075732686
T48477,0.012539594
T32538,0.05596846
T36038,0.00079371326
T36726,0.17524837
T53230,0.00086025003
T43986,0.14779933
T37384,0.18434039
T50778,0.009939257
T41444,0.00014321439
T32447,0.0013018481
T40825,0.7549719
T38995,0.00019599455
T43545,0.0020755483
T51921,0.0008465616
T51013,0.0002161107
T42917,0.012345685
T37873,0.0049896673
T31975,0.015251752
T31002,0.046635497
T37619,0.0025607368
T31974,0.02138942
T56170,0.3031124
T54504,0.0010405277
T48130,0.006259258
T43863,0.001248632
T51191,0.0005987678
T41662,0.25528288
T44071,0.00016647807
T57731,0.5551674
T48590,0.00043126012
T36769,0.20827076
T39717,0.14260173
T48180,0.029940603
T44042,0.16161445
T45937,0.0044082296
T54640,0.00513877
T47939,0.016941624
T41275,0.0021028926
T58166,0.015538353
T48742,0.0007829723
T48112,0.049931157
T57878,0.5256924
T46589,0.023518002
T35935,0.0032421488
T52450,0.0013086462
T56000,0.046221357
T49359,0.0013523573
T57874,0.19717953
T33174,0.086039945
T55556,0.4131016
T31589,0.054122627
T36236,0.012017203
T34729,0.0055400804
T53830,0.005328792
T30681,0.7191605
